college_id,branch_id,OC,BCM,BC,MBC,SCA,SC,ST
1,101,196.25,193.25,195.25,194.25,185.75,188.75,175.25
1,102,198.25,197.25,197.5,196.5,191.75,193,188
1,103,198.5,197.5,198,197.5,193.5,196,196
1,104,199.75,199.5,199.5,199,196.25,197.5,193.75
1,105,200,199.75,199.75,199.25,197,198.25,190.25
1,105,199.25,198.5,199,198.75,197,196.5,193.25
1,106,196.75,194,196,194.75,186.25,188.75,0
1,107,196.5,195.5,196,194.25,184,186.75,0
1,108,198.5,197.75,198,197,184.5,191.5,172
1,109,196,194.75,195.5,194.25,179.75,184,0
1,110,199.25,198.5,199,198.25,196.5,196.5,190.75
1,111,197,193.25,196,195,191,188.75,0
1,112,197.25,196.75,196.5,195.5,193,187,0
1,113,195,190.75,194.25,192.5,180.25,183.75,164.5
2,114,193.25,191,192,190,173.25,178.5,0
2,115,198.5,196.75,197.75,197,195.25,193.5,185.25
2,116,192.75,190.25,192,190.25,170.75,178,0
2,117,196,194.25,195.25,193.5,175.5,186.25,0
2,118,197.75,195.75,197,195.5,192.75,193,0
2,119,193.75,193,192.75,191.25,179.75,181.75,178.5
2,120,195,194.75,194.25,192.25,172.5,183.5,0
2,121,195.75,194.75,195,193.5,176.25,185.75,165.25
2,122,193.75,192.25,193,191.75,177,182,157.25
4,123,198.25,197.75,197.33,197,195,194.75,0
4,124,197.5,196.75,197,195.75,187,191.25,180.75
4,104,198.5,197.5,198.33,197,186,192,0
4,104,198.75,198,198.5,197.75,197.5,195,192.25
4,105,199.25,198,199,198.25,196.25,196.5,188.25
4,125,198.25,197.75,198,197.25,190.75,192.75,176.5
4,105,198.75,197,198.5,197.75,188.75,193.5,177.75
4,126,197.75,196.75,197.25,196.25,179.5,189.75,0
4,108,197.75,196.25,197.5,196,180,188.75,168
4,110,198.75,197.5,198.25,197.75,191.5,194.25,186.75
4,127,196.75,195.5,196.25,194.75,186.25,186.75,168
4,128,194.75,191.5,193.5,193,174.75,183.75,161.25
1013,104,179.25,168.75,174,175.5,163.25,162.75,149.25
1013,105,183.75,177.75,176.75,180.25,138,165.5,0
1013,109,173.75,145.25,165.5,163.25,134.75,156.75,0
1013,110,180.25,174,176,176.5,144.25,167.5,175.25
1013,110,125,0,92.75,92.5,0,96,0
1014,103,174.75,156.5,158.75,163.75,122.25,161.5,139.5
1014,104,173.5,156,167,168.25,164.5,161.25,139.25
1014,105,180.25,160.25,172.5,172.75,118,161.75,0
1014,109,162.5,151,155.75,157,113.75,152.75,0
1014,103,100.25,0,90.25,0,0,0,0
1015,104,169.75,143.75,162,163,99.5,151,131
1015,105,182.25,105.5,173.25,173.25,153,151.75,155
1015,105,175.25,142.25,168,171.25,128.75,150,135
1015,110,177,164.75,171.25,172,127.25,158.5,0
1015,110,109.75,0,108,95.5,0,85.5,0
1026,104,187.25,178.75,183,179.5,174,165.25,140.75
1026,105,189.5,169.75,187.5,184.25,143.75,167,0
1026,105,184.5,166.75,180.5,178.5,146.5,164.75,0
1026,110,187.25,180,181.25,180,172,164.5,142.5
1101,103,138.5,138,137.25,0,0,127.25,0
1101,104,125.5,120.25,86.25,123,0,105.5,0
1101,105,109.25,106,97.5,0,0,106.5,0
1101,105,142.75,142.5,0,122.5,0,0,0
1101,109,96.5,0,0,0,0,0,0
1101,110,167.5,164.5,90,116.75,0,115.75,0
1102,104,84.25,0,0,0,0,0,0
1102,105,80.5,0,0,0,0,0,0
1102,110,91.5,0,0,0,0,0,0
1106,123,98,0,0,0,0,0,0
1106,103,84,0,0,0,0,0,0
1106,104,134.5,91.5,95,89.25,0,0,0
1106,105,126,0,88,94.75,124.25,120.5,0
1106,105,117.75,0,0,0,0,0,0
1106,125,96.75,0,0,0,0,0,0
1106,109,85.75,0,0,0,0,0,0
1106,110,149.5,0,143.5,108.25,0,99.5,0
1106,122,137.75,134.5,104,96.5,0,0,0
1107,105,121.75,0,0,0,0,0,0
1110,129,181,178.5,177.25,171.5,0,156.75,0
1110,103,91.5,0,0,0,0,0,0
1110,104,158.5,131.5,143.5,125.75,0,88.25,0
1110,105,154.5,124.5,145.75,125.5,0,109,0
1110,105,143,0,126.5,121.5,0,130,0
1110,110,148.25,0,133.5,119.5,0,86.75,0
1112,104,192.5,182.25,190,186,0,149.75,0
1112,105,192.75,183,190.75,186.25,142.75,166.75,0
1112,105,189.5,183,187.5,184,0,156.5,156
1112,125,187.25,166.25,183.5,174.5,0,135.75,0
1112,109,187.75,178,186.75,175,0,145,0
1113,103,186.25,173,182.5,177.75,116,154.5,135.25
1113,104,195,189.5,193.75,189.5,168,169,0
1113,105,194.75,190.5,193.75,190.25,148,174,166.5
1113,105,193.25,184,191.5,188.75,133.25,173.75,146.5
1113,125,191.75,174.75,189.25,182.5,0,156.5,0
1113,109,193.5,188.75,192,186.5,187,159.25,0
1113,110,194,189.25,192.75,190.5,140.25,179.75,0
1114,103,128,113,93.25,94.25,0,107,0
1114,104,163.25,150,153.5,153.25,0,104,0
1114,105,164.5,134.5,154.75,146,0,118.5,0
1114,105,147.75,0,134.25,124.75,0,89,0
1114,109,154.5,135,149.5,148.5,0,116.25,0
1114,110,156.75,144.75,150.5,146.5,105.75,114,0
1115,124,110.5,0,96.5,0,0,0,0
1115,115,173.75,158.75,164,151.25,0,95.5,0
1115,104,96,0,0,0,0,0,0
1115,105,96.25,0,0,0,0,0,0
1115,105,99.75,0,0,0,0,0,0
1115,110,130,0,106,82,0,94.5,0
1116,103,108.75,0,0,0,0,0,0
1116,104,146,0,94.5,81.75,0,107.5,0
1116,105,154.5,147.75,92,102.25,0,103.25,0
1116,105,113.25,0,0,0,0,0,0
1116,110,104,0,0,92.5,0,0,0
1118,102,191,189,187,183.25,149.5,162.75,0
1118,103,145,132.75,122.5,121.25,0,106.25,0
1118,104,173,155.75,169.25,160.5,167,117.25,0
1118,105,178.75,170.75,173.75,170,0,98,0
1118,105,156.5,143,144,138.5,0,97.5,146
1118,109,152.25,119,136.75,120.25,0,109,0
1118,110,172.5,159.25,165.75,159.75,104.75,134.5,0
1120,124,177,171.25,169.5,164.25,0,129,0
1120,103,180.5,173.25,175,174.5,0,146.75,0
1120,104,188,182.75,186,177,152.25,146.5,118.5
1120,105,190.75,176.75,188.25,184.25,95.5,163.75,0
1120,105,186.25,178,183.5,178.25,0,152,0
1120,125,180,174.25,176.5,169.5,0,121.75,0
1120,109,184.75,179.75,182,173.25,0,129.75,0
1120,110,186.5,182.75,183.5,178.5,0,155.25,110
1121,104,111,0,93.5,90.5,0,105.25,0
1121,105,99.75,0,0,0,0,0,0
1121,105,167.25,0,0,0,0,0,0
1121,110,92.75,0,0,0,0,0,0
1122,129,187.25,181.5,183.25,180.75,170.25,162.5,0
1122,103,101,0,96.75,93.25,0,0,0
1122,115,186.5,179.75,185.25,184.75,0,148.75,0
1122,104,166.75,157.5,162,153,0,105.75,0
1122,105,172,161,165.25,160,0,84,0
1122,105,169,142.75,157.5,149.25,0,111.75,0
1122,109,165.5,162.75,158.75,151.25,0,134.75,0
1122,110,162.75,143.5,156.5,152.25,0,119.5,0
1123,123,143,0,0,0,0,0,0
1123,103,92.5,0,0,0,0,0,0
1123,104,102.5,86.75,101,87.5,0,0,0
1123,105,100.5,0,0,0,0,0,0
1123,105,97.75,0,0,0,0,0,0
1123,109,90,0,0,0,0,0,0
1123,110,91.25,87.75,0,0,0,0,0
1124,110,102.25,0,0,0,0,0,0
1124,130,174,136.5,155.25,162,0,161.25,0
1125,123,100,0,0,0,0,0,0
1125,104,148.75,0,0,0,0,0,0
1125,105,131,0,0,0,0,0,0
1125,105,185.5,0,0,0,0,0,0
1126,103,97.25,0,0,0,0,0,0
1126,104,153,122.5,89.75,113.75,0,121,0
1126,105,100.75,0,0,0,0,0,0
1126,105,88.25,0,0,0,0,0,0
1126,110,83.25,0,0,0,0,0,0
1127,123,92,0,0,0,0,0,0
1127,129,170,109.75,148.25,129.75,0,148,0
1127,103,79,0,0,0,0,0,0
1127,115,167.5,159.25,139.75,139.5,0,108.75,0
1127,104,138.5,122.5,108,98.25,0,0,85
1127,105,79,0,0,0,0,0,0
1127,105,98.75,0,0,0,0,0,0
1127,109,119.5,0,94.25,0,0,95.5,0
1127,110,114.5,0,89.75,86,0,106.5,0
1128,104,187.5,169,184.75,176,0,140.75,0
1128,105,187.25,169,184.75,179.75,0,145.25,0
1128,105,185.75,174,184.5,174.75,0,152,0
1128,110,186,181.5,183.75,176.5,86.25,155,163.5
1131,103,131,0,112,93.25,0,103.75,0
1131,105,173,141.75,160.5,154,0,86.25,0
1131,105,150.5,99.25,135.25,127.25,0,0,0
1131,110,159.75,143.25,154.5,147.5,0,117.75,0
1133,103,130.5,0,0,0,0,0,0
1133,104,83.25,0,0,0,0,0,0
1133,105,101.75,0,0,0,0,0,0
1133,105,87,0,0,0,0,0,0
1133,110,82.75,0,0,0,0,0,0
1137,103,121,0,0,0,0,0,0
1137,104,155.25,106.25,103.25,102.25,0,0,0
1137,105,168,164.5,126.5,122,0,0,0
1137,105,150.25,0,127,111,0,0,0
1137,110,157,0,92.25,83.75,0,117.25,0
1140,104,172.75,158.25,169.25,156,0,105.25,0
1140,105,166.75,146.5,157.25,138,0,121.5,0
1140,105,161.75,0,153.5,145.25,0,135.75,95.25
1140,109,161.75,0,154.75,137.25,0,91,0
1140,110,165.25,119.25,154.5,152.75,0,79,0
1141,103,155,0,0,0,0,0,0
1141,104,91.75,0,0,0,0,0,0
1141,105,103,0,0,0,0,0,0
1141,105,119.5,0,0,0,0,0,0
1141,110,89.25,0,0,0,0,0,0
1143,104,154,0,0,0,0,0,0
1143,105,159.75,0,0,0,0,0,0
1143,110,101.25,0,0,0,0,0,0
1149,103,174.75,174,173,166.25,0,145.75,0
1149,104,188,181.25,185,178.5,113.5,141.25,0
1149,105,189.75,175.75,186.75,180,0,164.5,0
1149,105,183,173,179.25,170.5,142.25,142,0
1149,109,183.5,167.75,181.25,173.5,156,137.5,0
1149,110,183,176.5,179,172.5,0,144.75,136.25
1150,103,103.25,0,0,0,0,0,0
1150,105,101,0,0,0,0,0,0
1150,110,85.25,0,0,0,0,0,0
1157,103,128.5,0,0,0,0,0,0
1157,104,90.5,0,0,0,0,0,0
1157,105,94,0,0,0,0,0,0
1157,110,84.25,0,0,0,0,0,0
1201,104,95,0,0,0,0,0,0
1201,105,86,0,0,0,0,0,0
1201,109,111.75,0,0,0,0,0,0
1201,110,95.75,0,0,0,0,0,0
1202,103,95.5,0,0,0,0,0,0
1202,104,133.5,101,100.25,109,0,0,0
1202,105,142,104.5,92,93.75,0,0,0
1202,105,130.5,0,90.25,81.5,0,0,0
1202,109,128.25,94,86.5,94.5,0,0,0
1202,110,139.75,102.25,102,91.25,0,103,0
1205,105,130.75,0,0,0,0,0,0
1206,103,107.75,0,0,0,0,0,0
1206,104,150.75,91,133,113.75,0,81.75,0
1206,105,147,121.25,127.75,100.75,0,89.25,0
1206,105,136.25,0,113,113,0,102,0
1206,109,123.75,0,95,104.25,0,106,0
1206,110,143.75,107.25,126.75,118.75,0,84.5,0
1207,104,97.25,0,87,0,0,96.5,0
1207,105,104.5,0,91.25,87.5,0,0,0
1207,109,109.75,91.25,94.5,83.25,0,0,0
1207,110,122.75,0,87.25,86.5,0,0,0
1208,104,96.5,0,0,0,0,0,0
1208,105,105.5,0,0,0,0,0,0
1208,110,115.75,0,0,0,0,0,0
1209,103,102,0,0,0,0,0,0
1209,104,106.25,0,0,0,0,0,0
1209,105,92,0,0,0,0,0,0
1209,105,91.25,0,0,0,0,0,0
1209,109,113.75,0,0,0,0,0,0
1209,110,92.75,0,0,0,0,0,0
1210,103,184,163.5,176.75,170.75,0,148.25,0
1210,104,190.5,177.75,189,183.75,106.75,147,110
1210,105,192.75,185.5,190.5,187,129,168.25,137.25
1210,105,190,173.5,187.5,184,126.75,156,151
1210,125,181.5,162.5,177.75,166.5,0,128.5,0
1210,109,185.25,167.5,183,176.5,0,135.25,91.5
1210,110,190,181.75,187,183.25,120.5,156.5,126
1211,123,185.75,176,181.25,174.5,0,160.5,0
1211,124,186.5,179.75,181.5,170.5,0,153.75,0
1211,102,192.75,186.5,189.25,185.25,153.75,171.5,170.75
1211,129,191.25,190.5,189,186,106,166.25,152.25
1211,103,180.75,168.25,176.5,170.5,80,150,123
1211,115,189.25,182,187,184.25,103.5,158.25,0
1211,104,190,178.5,188,180,111.5,152,99.75
1211,105,190.5,183.75,189,183.5,88.75,165.5,142
1211,105,187.25,180.75,185,177.5,116.75,151.5,140.75
1211,109,186.5,178,185,176.5,0,141.5,0
1211,131,189,184.5,186.25,180.25,0,165.5,0
1211,110,190.25,185.5,187.5,182,114.25,163.75,100.25
1212,124,99,0,0,0,0,0,0
1212,102,177.5,171.75,171.5,164.25,174.75,159,0
1212,103,103.25,0,0,0,0,0,0
1212,104,144.75,0,111.75,127.75,0,124.5,0
1212,105,123,0,0,102.75,0,0,0
1212,105,113,0,0,0,0,0,0
1212,110,107.25,0,100.5,96.5,0,0,0
1212,132,165,154,138.25,137.5,0,115.25,0
1213,102,150,139.5,132,123.5,0,93.5,0
1213,104,123.5,97.25,103.75,85.5,0,0,0
1213,105,111.25,0,96.25,84.5,0,0,0
1213,105,103,0,0,0,0,0,0
1213,109,105.75,0,94,0,0,85.5,0
1213,110,90.25,0,0,0,0,0,0
1214,124,143.25,0,0,0,0,0,0
1214,104,191,0,0,0,0,0,0
1214,105,147,0,0,0,0,0,0
1214,105,113.75,0,0,0,0,0,0
1214,109,152.75,0,0,0,0,0,0
1214,110,132,0,0,0,0,0,0
1216,101,180.5,180.5,168,164.75,170.75,154.75,0
1216,102,190.5,188.5,186.25,181,0,168.75,0
1216,103,159.25,143.5,148,143.5,0,108.5,0
1216,104,177.75,162.5,172.75,163.75,0,134,0
1216,105,173,163.75,169.25,162.5,113.5,130.5,144.25
1216,105,175.75,161,168.75,162,0,137.75,0
1216,125,168.5,152.5,162.5,155.25,0,84,0
1216,109,173.75,163,171.5,159.5,0,125.5,0
1216,133,169.5,165,161.5,148.5,0,115.75,0
1216,110,171,162.75,165.5,160.5,139.75,136,0
1217,123,99.5,0,0,0,0,0,0
1217,124,114,0,100,0,0,0,0
1217,129,166.5,120,127,125.5,0,113,0
1217,103,101,0,0,0,0,0,0
1217,104,131,0,95,82.25,0,0,0
1217,105,113,0,0,0,0,0,0
1217,105,144.75,0,0,0,0,0,0
1217,109,141.75,0,0,0,0,0,0
1217,110,132.5,110,90.5,99.75,0,0,0
1218,103,131.5,0,0,0,0,0,0
1218,104,99.75,0,0,0,0,0,0
1218,105,99.75,0,0,0,0,0,0
1218,105,83,0,0,0,0,0,0
1218,109,92.75,0,0,0,0,0,0
1218,110,100.25,0,0,0,0,0,0
1219,124,195,190,192.75,187.75,175.25,172.5,0
1219,129,194.5,190.75,193.25,190.75,158,181,0
1219,103,193.75,191,192.75,190.5,159,177.5,0
1219,115,194.25,191.75,192.5,191,146.5,165.5,0
1219,104,196.25,193,195.5,193,153.5,179,144.25
1219,105,196.5,192.25,195.75,193.5,162.5,181.25,0
1219,105,195.75,191.5,195,191.75,171,176.25,155
1219,109,195.25,190.25,194.75,191.75,123.25,168,0
1219,110,196,194.25,195.5,193.5,153,181,160.75
1219,130,192.25,188.5,191.25,189.5,0,182.25,0
1221,104,82.5,0,0,0,0,0,0
1221,110,95,0,0,0,0,0,0
1222,123,142,0,100.5,139.5,0,128,0
1222,124,110,0,0,0,0,0,0
1222,103,82,0,0,0,0,0,0
1222,104,103.75,0,89.5,98.75,0,0,0
1222,105,93.75,0,0,0,0,0,0
1222,105,115.75,0,0,0,0,0,0
1222,109,84.5,0,0,0,0,0,0
1222,110,132.25,0,102,81.75,0,87.25,0
1225,103,87.75,0,0,0,0,0,0
1225,104,153,120.75,136,139,0,0,0
1225,105,144.5,0,101.75,80.25,0,0,0
1225,105,136.75,0,89.5,104.5,135.75,0,0
1225,109,146,111.5,95.25,112.5,0,120,0
1225,110,137.25,98.5,98.25,87.5,97.25,0,0
1226,103,85.75,0,0,81,0,0,0
1226,104,109.5,0,98.25,85,0,0,0
1226,105,80.75,0,0,0,0,0,0
1226,105,126.25,0,87.75,80.5,0,124.5,0
1226,110,120,0,100.25,92,0,0,0
1228,102,166,142.5,150,149,140.75,150,0
1228,104,77.75,0,0,0,0,0,0
1228,105,118.75,0,0,0,0,0,0
1228,109,95.5,0,0,0,0,0,0
1228,110,95.25,0,0,0,0,0,0
1229,103,113.25,0,0,0,0,0,0
1229,104,79.5,0,0,0,0,0,0
1229,105,94.5,0,0,0,0,0,0
1229,105,92.5,0,0,0,0,0,0
1229,109,113.75,0,0,0,0,0,0
1229,110,80.5,0,0,0,0,0,0
1229,134,126.25,121.75,92,0,0,0,0
1230,123,148.5,133.25,93.5,95.5,0,83.5,0
1230,104,146.5,118.75,122.75,80,0,0,0
1230,105,137.25,133.5,89.5,79.75,95.25,132,0
1230,105,118.75,0,117.25,87.25,0,0,0
1230,110,128.75,95.25,87.5,92.75,0,96,0
1231,104,184.25,167,182.5,172.75,0,133.5,139
1231,105,186.75,174,184.75,177.75,0,146.75,0
1231,105,181.5,167.5,178.75,173.75,0,134,109.5
1231,109,180.5,163.5,177.75,167.75,0,130.25,0
1231,110,179.75,174,177,173.75,99.25,137.25,0
1232,103,89,0,0,0,0,0,0
1232,104,81.25,0,0,0,0,0,0
1232,105,105.5,0,97,81.25,0,0,0
1232,105,104.75,0,0,0,0,0,0
1232,110,89,0,0,0,0,0,0
1233,103,158.25,134,99.75,104.5,0,0,0
1233,104,162.75,151.5,118.75,115.5,0,0,0
1233,105,175.75,112,107.75,153.75,0,0,0
1233,105,165.75,138.25,115,121,0,0,0
1233,110,173.5,154.75,114,158.75,0,0,0
1234,105,147.5,0,0,0,0,0,0
1235,104,140,0,0,0,0,0,0
1235,105,102.75,0,0,0,0,0,0
1237,104,178.75,170.5,176,165.5,0,113.5,0
1237,105,181,167,177,169.75,0,129.5,0
1237,105,176.25,166.75,172.5,163,0,116.25,0
1237,109,174.75,154.25,171.5,161.5,0,107.5,0
1237,110,174,166.5,169.5,167.5,162.25,130,0
1238,102,165.25,109.75,141.75,128.75,96.5,84.5,0
1238,103,96.25,0,0,0,0,0,0
1238,104,147.75,0,124,95.5,95.25,81.75,0
1238,105,148.25,0,114.5,83.75,0,103.5,0
1238,105,125.5,0,104.75,92,0,0,0
1238,110,133.25,0,87.75,93.5,0,128,0
1241,103,111.5,0,0,0,0,0,0
1241,104,134.25,0,91.5,89.5,0,121,0
1241,105,135,0,100.5,102.75,0,0,0
1241,105,121.25,0,88,112,0,86,0
1241,110,124,0,100.75,92.25,0,78.75,0
1242,104,150,0,133,124.5,0,0,0
1242,105,144,0,110.25,99.5,0,0,0
1242,105,115.75,0,0,0,0,0,0
1242,110,143.25,0,123.5,89.5,0,0,0
1243,104,81.25,0,0,0,0,0,0
1243,105,172,0,0,0,0,0,0
1243,110,99.5,0,0,0,0,0,0
1301,103,87.75,0,0,0,0,0,0
1301,104,142,134.5,126.5,121,0,121.5,0
1301,105,126.5,0,0,0,0,0,0
1301,105,100.75,0,0,0,0,0,0
1301,109,103,0,0,0,0,0,0
1301,110,133.5,132.5,97.5,97.5,0,82.5,0
1303,103,91.75,0,0,0,0,0,0
1303,104,134.25,0,92.75,80,0,0,0
1303,105,114,0,112.5,92.25,0,0,0
1303,105,99.75,0,0,0,0,0,0
1303,125,103.75,0,0,0,0,0,0
1303,109,82.75,0,0,0,0,0,0
1303,110,138,92,105.25,116.5,0,85.25,0
1304,124,182,170.75,179.5,168,0,135,0
1304,103,180.5,171.5,174.25,167,139,132.25,104.75
1304,104,192.75,187.5,190.67,182,102.75,154.5,98.75
1304,105,192,183.5,189.5,185.5,159.5,154,163.5
1304,105,187.75,174.75,186,177.5,0,153,0
1304,125,183.75,169.75,180,169.75,0,118.75,0
1304,109,189,171.25,187,174.75,100.75,145.25,165.75
1304,110,189.5,185.25,186.75,180.75,85,153.25,0
1306,123,178.75,163.5,167.5,165.5,137.75,151,0
1306,129,189.75,183.25,187.75,184,0,166.5,0
1306,103,169.25,149.75,161.75,155.5,0,130.75,0
1306,104,185.25,178.5,183.5,177.5,0,140,0
1306,105,188.75,177.75,187,180.5,0,163,0
1306,105,181,167.5,177.33,172.25,0,141,91.25
1306,125,174.5,160.5,171,154,0,113,0
1306,109,180.5,170,178.75,169.25,0,125.75,0
1306,110,181.5,171,178,176,104.75,150.5,0
1307,102,185.5,175.25,177,177.25,0,167.5,0
1307,103,130.5,0,90.25,88.25,0,125.5,0
1307,104,163.5,119.25,155.5,143,127.25,81,0
1307,105,163.75,156.75,157,151,0,93.25,0
1307,105,158.5,0,144,135.75,0,104.25,0
1307,125,141.5,141,134.25,104,0,0,0
1307,109,150.75,0,141.75,134.5,0,103.25,0
1309,103,185.25,172.75,174.75,168,117,147.5,0
1309,104,192,179.5,189.25,183.5,127.5,162.5,0
1309,105,189.75,179.75,186,180.5,107,159.25,134.5
1309,105,184.75,170.5,182,174.75,0,154,0
1309,109,185.75,173.75,182,175,147.5,135.75,0
1309,110,187.5,183.75,183.75,179.25,0,156.5,0
1310,103,84.25,0,0,81.25,0,0,0
1310,104,173.25,158,158.5,148.25,107,115.5,0
1310,105,159.5,137.25,145,113.5,0,104.25,0
1310,105,163,0,143.25,132.5,0,90,0
1310,109,158.25,88,149.5,137.5,0,125.25,0
1310,110,168,146.25,159.25,152,0,114.75,0
1311,123,163,157.75,140.25,119,112.25,97.5,0
1311,103,132.25,126.25,95,92.5,0,0,0
1311,104,171.25,154.75,166.5,151,0,100.5,0
1311,105,172,157.5,163.25,158.25,124.25,79.75,0
1311,105,151.75,145,129,127.75,0,124.5,0
1311,125,151,143,137.25,104.75,0,0,0
1311,109,163.25,154.25,157.25,148,0,79.5,0
1311,110,169.25,166.5,161.5,158.75,0,114.25,0
1313,102,168.5,139.5,152.5,155.5,0,132.25,0
1313,103,107.75,0,0,0,0,0,0
1313,104,91.25,0,0,0,0,0,0
1313,105,81,0,0,0,0,0,0
1313,105,96,0,0,0,0,0,0
1313,110,102.75,0,93,0,0,0,0
1315,102,196.5,193.75,196.25,193.75,154.5,187.25,0
1315,103,196.5,196.5,196,194.5,168.5,186,156.75
1315,115,196,194.25,195.5,194,191.5,185.5,0
1315,104,197.5,194.75,197,195.25,170.25,185.25,158
1315,105,198,195.75,197.25,196.25,182.25,187.25,171.25
1315,105,197.25,194.5,196.75,194.75,181.75,187,164
1315,109,197,194,196.75,194.5,167.5,183,151.5
1315,110,197.75,196,197,195.75,170.75,188.25,170
1316,102,177.75,173.5,166.5,166,155.5,143,0
1316,103,152.25,0,103.25,104.75,0,0,0
1316,115,171,159.75,161,139,135.5,96,0
1316,104,158.75,108,135.75,113.25,0,0,0
1316,105,171.25,0,126.25,82.25,0,0,0
1316,105,172.75,155.5,115.25,127,0,0,0
1316,109,144.5,0,119.5,96.75,0,110,0
1316,131,173,104.25,155.5,127.75,0,123.5,0
1316,110,152,99.25,131.5,109.25,0,135.5,0
1316,135,129.25,115.25,90,83,0,0,0
1317,129,193.25,189.5,192,189,0,175.25,0
1317,103,191.5,190.75,189.5,185,0,173.75,0
1317,115,192,189.25,191,188.25,153.75,163.25,0
1317,104,194.25,188.5,193.5,190.75,118,169.5,136.5
1317,105,194.75,191.5,194,191,147.75,171.75,130.75
1317,105,193.25,187,192,188.75,103,168.5,0
1317,125,188,177.25,184.25,175.75,0,131.5,89.75
1317,136,178.5,159,174.75,164.75,0,104.75,0
1317,109,192,185.5,190,186,0,141.75,0
1317,110,193.75,188.75,192.25,188.75,131.5,171.75,137.75
1318,104,161.5,0,0,0,0,0,0
1318,105,105.5,0,0,0,0,0,0
1318,105,165.25,0,0,0,0,0,0
1318,109,99.25,0,0,0,0,0,0
1318,110,157.5,0,0,0,0,0,0
1319,103,97,0,0,0,0,0,0
1319,104,94.75,0,0,0,0,0,0
1319,105,116.75,0,0,0,0,0,0
1319,105,152.25,0,0,0,0,0,0
1319,125,121.5,0,0,0,0,0,0
1319,109,89.25,0,0,0,0,0,0
1319,110,97.5,0,0,0,0,0,0
1320,103,103,0,0,0,0,0,0
1320,104,168.75,137.75,164,153.5,0,120,90
1320,105,170.25,141.5,165.5,155.25,0,114.25,0
1320,105,161.5,111.25,156.75,150.25,0,100.75,0
1320,109,149.75,132.5,135.25,123.25,0,90,0
1320,110,156,129.75,149,143.75,0,90.5,0
1321,112,191.25,189.75,190.25,188.5,166.75,174,0
1321,137,192.75,191.25,190.75,189.5,164.5,172,161
1322,123,138.5,128.25,111.75,100.25,0,128.5,0
1322,103,110.5,0,0,0,0,0,0
1322,104,117,95,93.5,82.5,0,0,0
1322,105,86.75,0,0,0,0,0,0
1322,105,84.75,0,0,0,0,0,0
1322,109,84.75,0,0,0,0,0,0
1322,110,93.75,0,0,79.25,0,0,0
1323,104,104.25,0,0,0,0,0,0
1323,105,189.5,0,0,0,0,0,0
1323,110,106.25,0,0,0,0,0,0
1324,103,165.25,159.25,159.5,154.25,0,122.25,0
1324,104,182.25,159,179.5,167.75,0,130,0
1324,105,184.75,171.75,182.5,173.75,0,138.5,0
1324,105,176,135.75,171,165.75,0,112.75,0
1324,109,175.75,144,170.25,161.5,142.25,103.75,0
1324,110,179.5,164,174.75,168.5,0,141.5,0
1325,103,87,0,0,0,0,0,0
1325,104,175.5,0,157.5,128.75,0,114,0
1325,105,170,0,124.25,117.5,0,115.75,0
1325,105,121.75,0,89.5,94.5,117.25,0,0
1325,109,135,110.75,104.5,90.75,0,99.75,0
1325,110,147.25,0,124,114.25,0,105.5,0
1333,104,82.5,0,0,0,0,0,0
1333,105,114.5,0,0,0,0,0,0
1333,105,118,0,0,0,0,0,0
1333,110,89.5,0,0,0,0,0,0
1334,103,150.75,0,0,0,0,0,0
1334,104,104.5,0,0,0,0,0,0
1334,110,80.5,0,0,0,0,0,0
1335,103,153.5,0,0,0,0,0,0
1335,110,117.25,0,0,0,0,0,0
1399,103,164.75,148.25,152,133.5,0,100.75,0
1399,104,178.75,142.5,167.75,160.5,0,83.75,0
1399,105,182.25,145.75,168.5,157.25,0,87.75,0
1399,105,173.33,137.5,165.75,150,0,98.25,0
1399,131,186.75,185,179.25,168.75,0,150.25,0
1399,110,176,160.25,165.75,160.75,104.5,92.5,0
1401,103,78.5,0,0,0,0,0,0
1401,115,166.25,0,138.5,146.5,0,109.25,0
1401,104,111.75,0,99,81.75,0,0,0
1401,105,116.5,0,113.5,107.25,0,116.25,0
1401,105,128.75,0,103.25,84,0,0,0
1401,109,85.25,0,0,0,0,0,0
1401,110,111.5,0,92.25,86,0,0,0
1402,104,80.5,0,0,0,0,0,0
1402,105,86.25,0,0,0,0,0,0
1402,105,79.75,0,0,0,0,0,0
1402,110,92.5,0,0,0,0,0,0
1405,103,119.25,0,91,96.5,0,0,0
1405,104,150.5,96.5,132.75,111.25,0,93.5,0
1405,105,152.5,0,102.25,86,0,118.5,0
1405,105,144,0,99.75,115,0,131,0
1405,110,152.25,128,138.5,130.25,0,116.25,0
1406,103,145.5,0,0,0,0,0,0
1406,110,113.25,0,0,0,0,0,0
1407,123,104,0,0,0,0,0,0
1407,124,94.25,0,0,0,0,0,0
1407,102,171.75,145,157,157,122.5,139.25,0
1407,103,115.5,0,0,0,0,0,0
1407,104,96.75,0,96,0,0,0,0
1407,105,98.25,0,0,0,0,0,0
1407,105,87.25,0,0,0,0,0,0
1407,109,86.25,0,0,0,0,0,0
1407,110,134.25,96.5,85.75,99.25,0,93.5,0
1407,130,180,0,171,167.25,0,164.25,0
1408,103,141.25,110.25,127.25,100.25,0,100.5,0
1408,104,126.5,0,99,86.5,117.5,133.75,0
1408,105,140.5,125.25,118.25,83,0,79.75,0
1408,105,139.5,0,99.25,108,0,127.75,0
1408,109,93.25,0,0,0,0,0,0
1408,110,148.5,110.75,92.5,129,0,103.25,0
1409,124,88.75,0,0,0,0,0,0
1409,102,171,145.25,163,156.5,0,148,0
1409,129,174,100.5,163.5,150.75,160.25,144.25,0
1409,103,99.25,0,0,0,0,0,0
1409,104,106.75,0,96.25,83.25,0,0,0
1409,105,81,0,0,0,0,0,0
1409,105,84.75,0,0,0,0,0,0
1409,110,110,0,92,81.25,0,0,0
1411,123,95.25,0,0,0,0,0,0
1411,129,151,0,124.5,108,0,147.5,0
1411,103,87.5,0,0,0,0,0,0
1411,104,97,0,0,0,0,0,0
1411,105,104.25,0,0,0,0,0,0
1411,105,91,0,0,0,0,0,0
1411,109,120.75,0,0,0,0,0,0
1411,110,89,0,0,0,0,0,0
1412,103,82.5,0,0,0,0,0,0
1412,104,102.75,0,89.75,90.5,0,0,0
1412,105,101.75,94.5,100,84.25,0,0,0
1412,105,130.25,98.25,105.75,77.5,0,105.5,0
1412,109,93.5,0,0,0,0,0,0
1412,110,147.5,108.25,90.5,128.75,0,91.75,0
1413,103,117.75,0,0,0,0,0,0
1413,104,125.5,0,98,86,0,95.25,0
1413,105,164.25,142.25,138.25,0,0,155.25,0
1413,105,113,0,0,0,0,0,0
1413,110,91,0,0,0,0,0,0
1414,103,100.25,0,0,0,0,0,0
1414,104,179,0,149.5,133.25,0,80,0
1414,105,171.75,0,147.75,126.5,0,130,0
1414,105,146.5,0,96.75,111.5,0,0,0
1414,109,131.25,0,107.25,87.5,0,0,0
1414,110,139.5,124.25,94.5,90.75,0,117,0
1415,104,126.25,0,0,0,0,0,0
1415,105,137.75,0,0,0,0,0,0
1415,105,87.75,0,0,0,0,0,0
1415,110,81.25,0,0,0,0,0,0
1416,103,128.5,0,0,0,0,0,0
1416,104,106.25,0,0,0,0,0,0
1416,110,123.25,0,0,0,0,0,0
1417,129,119.75,0,94.5,114,0,0,0
1417,104,135,0,0,0,0,0,0
1417,105,114,0,0,0,0,0,0
1417,105,109.5,0,0,0,0,0,0
1417,109,92.5,0,0,0,0,0,0
1417,110,89,0,0,0,0,0,0
1418,103,92.25,0,0,0,0,0,0
1418,104,119.5,96.75,101.75,84.25,0,0,0
1418,105,130.5,0,96,87.5,0,0,0
1418,105,105,0,85.5,87.5,0,0,0
1418,110,102.5,0,93.25,78.5,0,0,0
1419,103,173.5,159.75,166.5,158.25,114.25,140.75,0
1419,104,190,174.5,186.5,179.75,128,149,137.75
1419,105,190.5,176,187,183,0,156.5,132.33
1419,105,186.5,167,184.25,175.75,0,148.25,0
1419,125,176.75,156.5,172.75,159.5,0,110,0
1419,136,168.5,157.5,163.5,152.5,0,137.75,0
1419,109,184,156.25,181.25,171,0,129.75,0
1419,110,185.25,175,182,177.25,123.25,151.25,0
1419,127,182.25,0,175.75,170.5,0,130.25,0
1420,123,118.25,0,101.75,0,0,97,0
1420,103,109,0,0,0,0,0,0
1420,104,134.25,0,86,85.25,0,112.75,0
1420,105,142.5,93.25,115.75,93,0,121,0
1420,105,126,99.5,106.25,102.75,0,98,0
1420,109,125.75,0,0,107.5,0,107.75,0
1420,110,130.75,0,89.25,95.5,0,0,0
1421,103,101.25,99.25,0,84.25,0,0,0
1421,104,122.75,101.75,0,108.25,0,116.25,0
1421,105,131.5,0,94.5,115,0,0,0
1421,105,125,93.75,99,108.25,0,0,0
1421,110,137,95.5,89,127.25,0,122.5,0
1422,103,154.5,143.5,137.25,121.25,0,89.5,0
1422,104,183.25,172,179.5,171,128.25,134,0
1422,105,182.5,165,178,171.25,124.5,141.25,0
1422,105,175,172,170.25,165.5,0,114.75,0
1422,125,163.75,154.75,157.5,151.25,0,100.5,0
1422,109,175,151,171.75,159.75,0,111.5,0
1422,110,178,167.5,174.25,169.25,0,142.75,127
1423,103,114.5,0,0,0,0,0,0
1423,104,107,0,0,0,0,0,0
1423,105,110.75,0,0,0,0,0,0
1423,105,92.5,0,0,0,0,0,0
1423,110,80.5,0,0,0,0,0,0
1424,103,122,117.5,0,112,0,0,0
1424,104,130,127.5,109.5,115.25,0,0,0
1424,105,136.25,127.5,0,0,0,120,0
1424,105,136.75,128.75,0,103.25,0,0,0
1424,110,143.75,138.75,109.25,114,0,0,0
1424,132,158.75,157,122.75,103.5,0,137,0
1426,103,85.5,0,0,0,0,0,0
1426,104,80,0,0,0,0,0,0
1426,105,104.5,0,0,0,0,0,0
1426,105,99.5,0,0,0,0,0,0
1426,109,88,0,0,0,0,0,0
1426,110,111.75,0,109.25,90.25,0,109,0
1427,105,123.25,0,0,0,0,0,0
1427,138,104.5,0,0,0,0,83.75,0
1428,103,113.25,0,0,0,0,0,0
1428,104,86.75,0,0,0,0,0,0
1428,105,122.5,0,0,0,0,0,0
1428,105,88.75,0,0,0,0,0,0
1428,110,84.25,0,0,0,0,0,0
1430,103,98,0,0,0,0,0,0
1430,104,92,0,0,0,0,0,0
1430,105,93,0,0,0,0,0,0
1430,105,93.75,0,0,0,0,0,0
1430,110,121,120,97,87.25,0,0,0
1431,103,92.75,0,0,0,0,0,0
1431,104,118,0,96,78.5,0,0,0
1431,105,85.5,0,0,0,0,0,0
1431,105,79.5,0,0,0,0,0,0
1431,109,86.75,0,0,0,0,0,0
1431,110,130,0,106,95.75,0,87.75,0
1432,104,178.5,141.75,172.5,161.5,0,123.5,0
1432,105,178,156,173.5,165,0,120.5,0
1432,105,172.75,150,168.75,157.5,0,118,0
1432,110,172.75,162.25,169.25,163.75,118.75,126.25,0
1434,123,78.5,0,0,0,0,0,0
1434,124,78.5,0,0,0,0,0,0
1434,103,124.5,0,0,0,0,0,0
1434,104,117,85.25,105.5,87.25,0,0,0
1434,105,129.5,0,113.25,118,0,0,0
1434,105,114,0,0,89,0,0,0
1434,110,124.5,0,98,83.25,0,0,0
1435,104,92.5,0,0,0,0,0,0
1435,110,96,0,0,0,0,0,0
1436,103,86,0,0,0,0,0,0
1436,104,100,0,0,0,0,0,0
1436,105,81.75,0,0,0,0,0,0
1436,105,97,0,0,0,0,0,0
1436,110,89.5,0,0,83.75,0,0,0
1437,104,79,0,0,0,0,0,0
1437,105,122,0,0,0,0,0,0
1437,109,123,0,0,0,0,0,0
1437,110,117.5,0,0,0,0,0,0
1438,104,83,0,0,0,0,0,0
1438,105,105.5,0,0,0,0,0,0
1438,105,89.5,0,0,0,0,0,0
1438,110,133,0,0,0,0,0,0
1439,104,80.5,0,0,0,0,0,0
1439,105,102,0,0,0,0,0,0
1439,110,90,0,0,84.25,0,0,0
1441,103,107,0,0,0,0,0,0
1441,104,92.25,0,0,0,0,0,0
1441,105,89.5,0,0,0,0,0,0
1441,110,84,0,0,0,0,0,0
1442,104,126.5,0,89.5,150.5,0,0,0
1442,105,96.5,0,0,0,0,0,0
1442,105,141.5,0,0,0,0,0,0
1442,110,98.25,0,0,0,0,0,0
1444,103,89.5,0,0,0,0,0,0
1444,104,97.5,0,0,0,0,0,0
1444,105,81.25,0,0,0,0,0,0
1444,110,94.5,0,92.25,83.5,0,0,0
1445,103,105.75,0,0,0,0,0,0
1445,104,98,0,0,0,0,0,0
1445,105,152.75,0,0,0,0,0,0
1445,105,98.25,0,0,0,0,0,0
1445,110,80.5,0,0,0,0,0,0
1447,105,107.5,0,0,0,0,0,0
1447,107,102.25,0,0,0,0,0,0
1447,109,97,0,0,0,0,0,0
1447,110,95,0,0,0,0,0,0
1449,103,83.5,0,0,0,0,0,0
1449,104,86,0,0,0,0,0,0
1449,105,88.75,0,0,0,0,0,0
1449,110,103,0,0,80,0,0,0
1450,104,193.5,188.75,190.75,187.75,161.25,168.25,0
1450,105,193.25,190.25,191.5,189.25,168.5,177.75,0
1450,105,190.5,188.5,189.75,184,151.5,166.5,0
1450,109,190,184,188.5,184,0,157,0
1450,110,192,188,190,182.25,147,159.25,152.5
1452,103,90.75,0,86.5,83.5,0,0,0
1452,104,164,133.25,143,129.25,0,80,112.75
1452,105,170.75,133.25,148,124.5,0,117.75,0
1452,105,147.25,131.25,92.75,112.75,0,0,0
1452,110,141,101,103.5,88.75,0,95,0
1501,103,119.25,0,0,0,0,0,0
1501,104,129.5,96.5,104.25,127.5,0,115.5,0
1501,105,129,0,112.75,122.25,0,0,0
1501,105,103.5,0,0,0,0,0,0
1501,109,121,0,0,0,0,0,0
1501,110,135.75,0,101.25,92.5,0,94,0
1503,129,95.25,0,0,0,0,0,0
1503,103,139.25,0,0,0,0,0,0
1503,115,136.25,0,109.75,0,0,0,0
1503,104,148,0,0,0,0,0,0
1503,105,158.25,0,0,0,0,0,0
1503,105,153.5,0,0,0,0,0,0
1503,136,121.25,0,0,0,0,0,0
1503,109,97.75,0,0,0,0,0,0
1503,110,117.5,0,0,0,0,0,0
1504,124,93.25,0,0,0,0,0,0
1504,129,170.25,96.75,154.5,104,0,118.25,0
1504,103,82.5,0,0,0,0,0,0
1504,115,183.75,152.5,181,171,0,148.75,0
1504,104,133.5,0,101.75,104.5,0,101.5,0
1504,105,133.25,0,98.5,108.5,0,0,0
1504,105,81.5,0,0,0,0,0,0
1504,125,100,0,0,0,0,0,0
1504,109,123,0,0,0,0,0,0
1504,110,118,0,97.5,82.75,0,97.25,0
1505,123,116.25,112.25,116,0,0,0,0
1505,103,140.5,140,113.75,111,0,106.75,0
1505,104,144.75,141.5,91.5,94.25,0,86,0
1505,105,153,136.25,102.75,108.5,135.25,134.25,0
1505,105,136,132.25,92.25,108.25,0,109.75,0
1505,109,141.75,126.25,91,92,0,128,0
1505,110,150.75,131,102,129.5,91,87,0
1506,110,121.25,0,0,0,0,0,0
1507,103,111.25,0,0,0,0,0,0
1507,104,137.25,0,90.5,103.5,0,92,0
1507,105,139,0,91.25,106.5,0,0,0
1507,105,117.75,0,113.25,86,0,0,0
1507,109,105,0,86.25,77.75,0,0,0
1507,110,128.5,92.75,97.25,78.25,0,0,0
1508,103,93.5,0,0,0,0,0,0
1508,104,127.75,0,113.5,108.25,0,0,0
1508,105,102.75,0,0,0,0,0,0
1508,105,106.75,0,0,0,0,0,0
1508,110,131.5,0,119,92.75,0,0,0
1509,103,82.25,0,0,0,0,0,0
1509,104,158.75,155.25,144.75,135.5,0,86,0
1509,105,154.75,140.25,132.5,124.5,127.75,93,0
1509,105,138.5,0,90,93,0,96.25,0
1509,125,112.25,0,0,103.75,0,0,0
1509,109,128.25,94.75,93,85.25,0,104,0
1509,110,141.5,101.25,128.5,106,0,86.5,0
1510,103,87.5,0,0,0,0,0,0
1510,104,115,0,0,89.75,96.5,95.25,0
1510,105,102.25,0,0,0,0,0,0
1510,105,123.75,0,0,87.25,0,95.75,0
1510,110,100.5,0,0,97.25,0,94.75,0
1511,104,92.5,0,0,0,0,0,0
1512,103,89.25,0,0,0,0,0,0
1512,104,126,0,108,89.5,0,0,0
1512,105,88.5,0,0,0,0,0,0
1512,105,110,0,107,84,0,107.25,0
1512,109,104,0,101.5,0,0,0,0
1512,110,114.25,0,89.25,92.25,0,99.5,0
1513,103,94.5,0,0,0,0,0,0
1513,104,82.75,0,0,0,0,0,0
1513,105,89.25,0,0,0,0,0,0
1513,105,100.5,0,0,0,0,0,0
1513,109,94.25,0,0,0,0,0,0
1513,110,103.75,0,0,0,0,0,0
1514,129,104.25,0,0,0,0,0,0
1514,104,101.75,0,0,0,0,0,0
1514,105,161.25,0,0,0,0,0,0
1514,105,94.25,0,0,0,0,0,0
1514,110,86.25,0,0,0,0,0,0
1514,130,161.75,0,147.5,160.75,0,0,0
1516,103,186.25,172.25,178.75,182.75,170,168.75,149
1516,105,190,176.75,186.25,185,155,168.75,168.25
1516,110,188.25,164.25,183.5,183,145.75,168.5,152
1517,103,111,0,0,0,0,0,0
1517,104,82.75,0,0,0,0,0,0
1517,105,114,0,0,0,0,0,0
1517,105,89.75,0,0,0,0,0,0
1517,109,106.75,0,0,0,0,0,0
1517,110,78.25,0,0,0,0,0,0
1518,123,87,0,0,0,0,0,0
1518,124,120.75,0,0,0,0,0,0
1518,103,96,0,0,0,0,0,0
1518,104,95.25,0,0,0,0,0,0
1518,105,93,0,0,0,0,0,0
1518,105,98.75,0,0,0,0,0,0
1518,125,94.25,0,0,0,0,0,0
1518,109,99.75,0,0,0,0,0,0
1518,110,109.25,0,100,85.75,0,0,0
1519,103,95,0,0,0,0,0,0
1519,104,94.5,0,91.25,86.5,0,0,0
1519,105,93,0,0,0,0,0,0
1519,105,105,0,0,82.75,0,0,0
1519,109,138.25,0,0,0,0,0,0
1519,110,94.25,91,0,92.25,0,0,0
1520,103,101,0,0,97,0,0,0
1520,104,150.5,114.25,96.5,105.25,137,96.75,0
1520,105,165,118.25,130.5,121,0,118.75,151
1520,105,105,0,0,104.75,0,80.75,0
1520,109,135.25,122.75,107.5,78.75,0,0,0
1520,110,156,110.25,94.75,110,0,102.25,0
1521,103,126.5,0,0,0,0,0,0
1521,104,105.5,0,0,78,0,0,0
1521,105,126.75,0,0,0,0,0,0
1521,105,104.75,0,0,0,0,0,0
1521,110,93.75,0,0,0,0,0,0
1523,124,111.25,0,0,0,0,0,0
1523,103,93,0,0,0,0,0,0
1523,104,102.25,0,96.5,81.25,0,0,0
1523,105,92.5,0,0,0,0,0,0
1523,105,87,0,0,0,0,0,0
1523,109,94.25,0,0,0,0,0,0
1523,110,84.5,0,0,0,0,0,0
1523,132,98.75,97.25,0,0,0,0,0
1524,104,79.25,0,0,0,0,0,0
1524,105,148,0,0,0,0,0,0
1524,105,113.25,0,0,0,0,0,0
1524,110,86.75,0,0,0,0,0,0
1525,103,88.75,0,0,0,0,0,0
1525,104,93.5,0,0,80.5,0,0,0
1525,105,100.25,0,0,0,0,0,0
1525,105,102,0,0,84,0,0,0
1525,110,93.75,0,0,80.5,0,0,0
1526,103,89.5,0,0,0,0,0,0
1526,104,90,0,0,0,0,0,0
1526,105,102.75,0,0,0,0,0,0
1526,105,114.75,0,0,0,0,0,0
1526,110,186.75,0,0,0,0,0,0
1529,104,92,0,0,0,0,0,0
1529,110,83,0,0,0,0,0,0
1605,104,98.25,0,0,0,0,0,0
1605,105,132.5,0,0,0,0,0,0
1605,105,99.25,0,0,0,0,0,0
1605,109,89,0,0,0,0,0,0
2005,103,195.75,192.75,195,193.75,181.5,187.25,0
2005,104,197.5,195.75,197.25,195.75,188,188.75,170.25
2005,105,198,195.75,197.75,197.25,191,192.25,0
2005,105,197.25,196.25,197,196.25,188.25,191.75,197
2005,125,196.5,194,196,194,189.5,182,172.75
2005,118,194.5,192.5,192.75,192,176.75,178,177
2005,109,196.75,195.5,196.5,195,178.5,185.5,0
2005,110,197.25,195,196.75,195.75,187.25,191,180.5
2005,127,195.25,193.5,194.75,192.5,175.5,178.75,151.25
2006,124,197.25,194.5,196.25,194.5,176.75,182.75,160.25
2006,129,197.25,196.25,196.25,195.25,176.5,182.75,0
2006,102,197.5,195.25,197,195.5,183.5,189.5,178.25
2006,103,198.5,197,197.75,197.5,191.25,194.5,0
2006,104,199,197.75,198.5,196.75,181.75,190.25,180.25
2006,103,197.5,196.5,197.5,197,0,192,0
2006,105,199.5,198.5,199.25,198.25,196.25,195.5,187.75
2006,105,199,197.5,198.75,197.5,196.25,194,185.25
2006,105,199,198,198.75,197.75,191.75,192,0
2006,106,196.75,195,196.5,194.5,173,184.5,0
2006,138,194.5,191.25,192.75,189.75,157,166.5,147.25
2006,108,198,195,197.75,195.5,175.5,185,154.5
2006,139,197.25,192,196.5,193.25,185.25,176.75,0
2006,110,199.5,199,199.25,198.25,195,195.25,0
2006,110,198.75,198,198.75,197.75,191,193,0
2006,111,197.75,195.25,197.25,197,187.75,189.5,0
2006,140,196.75,195.75,196,194,183.75,183.75,0
2006,140,195.5,0,195.5,192.5,0,175.75,173.5
2006,127,196.25,195,196,194.25,176,182.25,0
2006,127,197,195.25,196.5,195,0,187,172.25
2006,127,195.25,192.75,194.75,191.75,171,175,166.25
2006,141,197.25,191.75,196.5,194,171,180.25,0
2006,122,194.25,189.75,193.5,189.75,178,171.25,0
2006,122,196.25,191.75,195,191.75,181.5,176.75,0
2007,103,197,193.75,196.5,195.5,191,189,0
2007,115,196.75,196.75,196.25,194.75,194.5,189,0
2007,104,197.5,194.5,197.25,195.5,177.5,185.75,160
2007,103,195.5,192.75,194.75,193,178.75,180.75,0
2007,104,198,195.25,197.5,196.5,185.25,190,166.5
2007,105,198.5,195.75,198.25,197,193.25,191.5,0
2007,105,197.75,194.5,197.5,196.25,188.25,190,189.75
2007,105,198,194.25,197.75,196.25,183.25,186.75,162.75
2007,106,197.25,194.5,197,195.25,173,186.25,0
2007,108,197,193.5,196.75,195,173.75,180.75,0
2007,110,198.25,195.5,198,197,191.5,191.75,185.5
2007,110,197.75,195,197.5,196,184,187.5,0
2302,101,155.5,118.5,119.25,129.25,0,146,0
2302,103,93.75,0,0,0,0,0,0
2302,104,140,0,100.25,96.75,0,0,0
2302,105,142.25,0,102.5,90.25,0,0,0
2302,110,127.25,0,92.5,106,0,0,0
2314,103,81.25,0,0,0,0,0,0
2314,104,162,0,96,97.5,0,0,0
2314,105,151.5,108.25,95.5,119,0,0,0
2314,105,155.75,0,111,91.5,0,103.75,0
2314,110,94.5,0,90.25,82.75,0,0,0
2327,103,119.25,0,89.5,82.5,0,0,0
2327,104,151.25,138.25,104,94.5,0,0,0
2327,105,148,104.5,122.75,81.5,0,0,0
2327,105,105.75,101.75,92.25,90.25,0,0,0
2327,110,122.5,0,105.75,85.75,0,0,0
2328,104,152,0,124,109.75,0,0,0
2328,105,156.5,102.5,92.75,109,0,0,0
2328,105,150,0,97,91.25,0,0,0
2328,109,136.75,95.25,85.5,90.5,0,0,0
2328,110,148,99.75,95.5,88.75,0,105.75,0
2329,103,90.5,0,0,0,0,0,0
2329,104,110.75,0,99,110.25,0,0,0
2329,105,93.5,0,0,0,0,0,0
2329,109,108.5,0,0,0,0,0,0
2329,110,91.5,0,0,0,0,0,0
2332,104,141.25,0,0,0,0,0,0
2332,105,99.5,0,0,0,0,0,0
2337,104,141,0,0,0,0,0,0
2337,105,81,0,0,0,0,0,0
2337,105,78,0,0,0,0,0,0
2337,110,89,0,0,0,0,0,0
2338,103,117.25,0,0,0,0,0,0
2338,104,119.5,0,0,0,0,0,0
2338,105,107,0,0,0,0,0,0
2338,105,100.25,0,0,0,0,0,0
2338,110,111.25,0,0,0,0,0,0
2340,103,172,0,0,0,0,0,0
2340,105,160.75,0,0,0,0,0,0
2340,105,107.5,0,0,0,0,0,0
2341,103,77.5,0,0,0,0,0,0
2341,104,98.5,0,0,77.75,0,0,0
2341,105,90.5,0,0,0,0,0,0
2341,105,82.25,0,0,0,0,0,0
2341,110,87.5,0,0,0,0,0,0
2342,103,89.25,0,0,0,0,0,0
2342,104,143.5,0,96.25,130.5,0,0,0
2342,105,140.25,0,115.25,131.25,0,0,0
2342,105,132,0,0,0,0,0,0
2342,110,115.5,0,104.25,104.5,0,0,0
2343,142,190.25,183.75,188.75,185.5,181.5,170.5,0
2345,103,105.75,0,96.75,81.5,0,0,0
2345,104,144,103,86,118.25,0,83.5,0
2345,105,162,129.5,131.75,120.5,0,82.5,0
2345,105,133.25,95,96.75,86.75,0,88.75,0
2345,110,140,111,90.5,113,0,130.5,0
2346,103,148.25,0,0,0,0,0,0
2346,104,95.25,0,0,0,0,0,0
2346,105,102.25,0,0,0,0,0,0
2346,105,85,0,0,0,0,0,0
2346,110,114.75,0,0,0,0,0,0
2347,103,125.25,0,89.25,103.25,0,0,0
2347,104,139,92.5,107.75,120.75,0,0,0
2347,105,160,152,114,120.25,0,0,0
2347,105,151.5,143.25,96,141.75,0,0,0
2347,110,149.25,0,97.75,119.5,0,0,0
2349,102,147.75,143,117,114.75,133.5,96.5,0
2349,103,120.5,0,0,0,0,0,0
2349,104,111.75,107,0,0,0,0,0
2349,105,99,0,0,0,0,0,0
2349,110,104.5,0,0,0,0,0,0
2350,103,114.25,0,0,0,0,0,0
2350,104,91.5,0,0,0,0,0,0
2354,103,105.75,0,0,0,0,0,0
2354,104,150.75,0,95.75,94,0,0,0
2354,105,145.25,0,94.25,128.25,0,0,0
2354,105,107.5,0,0,0,0,0,0
2354,110,87.25,0,0,0,0,0,0
2355,103,79.75,0,0,0,0,0,0
2355,104,149.75,134.5,112.75,91.75,0,0,0
2355,105,129.75,129.75,89.75,92,0,0,0
2355,105,100.25,0,99.75,0,0,0,0
2355,110,121.25,97,108.75,88.5,0,0,0
2356,103,93,0,0,0,0,0,0
2356,104,80.25,0,0,0,0,0,0
2356,105,140.5,0,0,0,0,0,0
2356,105,92,0,0,0,0,0,0
2356,110,89.5,0,0,0,0,0,0
2357,103,126.25,123.75,91.5,101.5,0,0,0
2357,104,165.5,0,142.25,109,143.5,0,0
2357,105,170.25,180,150,147,0,0,0
2357,105,135.75,0,99.5,99.5,0,92.75,0
2357,110,157.75,148.25,134.25,111.75,0,83.25,0
2358,103,133.25,0,0,0,0,0,0
2358,104,142.75,0,0,0,0,0,0
2358,105,121,0,0,0,0,0,0
2358,110,149.25,0,0,0,0,0,0
2360,103,110.25,0,0,0,0,0,0
2360,105,156.25,0,0,0,0,0,0
2360,131,95.25,0,0,0,0,0,0
2360,110,106.5,0,105.75,105.75,0,0,0
2362,104,120.25,0,0,0,0,0,0
2362,105,157.5,0,0,0,0,0,0
2362,105,134.75,0,0,0,0,0,0
2367,103,98.25,0,0,0,0,0,0
2367,104,102,0,0,0,0,0,0
2367,105,108.25,0,0,0,0,0,0
2367,131,89,0,0,0,0,0,0
2367,110,126.75,0,102.5,90.75,0,0,0
2369,103,178.25,162.5,170.75,173.25,148.25,156.5,153.5
2369,104,180.75,164.25,174.25,176.25,147.25,156.25,0
2369,105,186.5,170.25,182.25,183.5,172,174.75,155.5
2369,105,185.75,173,176.25,179.25,152.25,164,0
2369,110,181.75,165,175.5,178.75,162.75,163,150.75
2377,103,194.5,192.25,194,191.5,170,172.75,161.5
2377,104,196.5,192.5,196.25,193.5,173.75,174.5,0
2377,105,197,192.25,196.5,193.75,186.75,186,0
2377,105,196.25,192.75,196,193.5,171.5,180.5,176.5
2377,110,196.5,193.25,195.75,194.5,177.5,182.75,0
2601,123,122.5,0,103,102.75,0,0,0
2601,102,181,176,174.5,170.75,130.5,133,0
2601,129,175.25,154,169.5,151.25,136.25,107.75,0
2601,103,103.5,99,91.75,93.25,0,82.5,0
2601,115,177.75,145.25,165.75,159.25,163.75,86.25,0
2601,104,158.75,107.25,132.75,131.25,0,96,0
2601,105,155.75,103.5,123.75,107.75,130,98.75,0
2601,105,120.25,103.25,91,84.5,0,107.25,0
2601,125,92.5,0,0,0,0,0,0
2601,109,127.75,0,86.5,84.5,95.5,120.5,0
2601,110,153.75,126.5,131.75,126.25,0,94.5,0
2602,104,96,0,0,0,0,0,0
2602,105,88,0,0,0,0,0,0
2602,105,131.5,0,86.25,87.25,0,0,0
2602,125,94.5,0,0,0,0,0,0
2602,110,117.5,0,89.5,100.5,0,0,0
2603,104,188.75,173,185.75,185.25,148,164.75,150.25
2603,105,192,186.5,189.75,187.75,170.5,167.25,0
2603,105,190.5,186.75,186.75,186,159.25,172.25,156.75
2603,110,188.5,184.5,186.25,187,166.75,169.25,0
2606,104,105,0,0,0,0,0,0
2606,105,125,0,0,0,0,0,0
2606,105,108,0,0,0,0,0,0
2606,110,80.25,0,0,0,0,0,0
2607,129,175.25,163.75,167.75,160,0,92.25,0
2607,103,137,96,102.75,90.75,106.5,95.5,0
2607,104,173.25,116,166,153,0,0,0
2607,105,172.5,131.5,161.5,156.5,0,134.75,0
2607,105,169.25,0,156.75,152.5,142.25,136.75,0
2607,125,146.75,0,131,103,0,145.5,0
2607,118,174.75,144.25,152.75,154,165.75,106.25,0
2607,109,153.75,118.5,135,118.75,124.5,0,0
2607,131,149.25,118,124.75,92.75,0,92.25,0
2607,110,169.25,107,161,157.5,135.25,143,0
2607,143,160,0,139,100.25,0,149.25,0
2607,122,165,0,153.25,130,0,0,0
2608,103,142.25,0,98,122.25,0,102.75,0
2608,104,178.25,145.5,168,124.5,0,138,0
2608,105,175.75,0,161.25,101.5,172.75,107.75,0
2608,105,161.75,116.5,123,107.25,0,128.25,0
2608,125,139,117.75,96,0,0,0,0
2608,109,165.25,0,150.25,117,0,109,0
2608,110,151.25,97.75,116.25,89,0,108,0
2609,123,154.75,147.25,119.25,113.5,0,0,0
2609,101,171,121.5,153.75,148,151.75,120.25,0
2609,103,89.75,0,0,0,0,0,0
2609,104,130.25,0,92,91.5,0,106.5,0
2609,105,141.5,0,98.75,85.25,0,125.25,0
2609,105,107,0,98,80,0,0,0
2609,125,110.75,0,0,102.25,0,0,0
2609,109,118.75,0,93.5,86.75,0,0,0
2609,131,139,111.25,94,95.25,0,0,0
2609,110,134.75,122.5,97,104,0,0,0
2609,135,78.75,0,0,0,0,0,0
2610,103,82.75,0,0,0,0,0,0
2610,104,132.5,0,86.5,106.25,0,0,0
2610,105,140,94.75,95,78,0,0,0
2610,105,130.75,118.25,90.5,88.25,0,0,127.75
2610,109,121,0,91,86.5,0,0,0
2610,110,129.75,109.5,91.75,80.5,0,0,0
2611,123,139.75,121.5,112.25,90.75,0,98.5,0
2611,101,173,125,152.25,155,154.75,139.5,0
2611,103,100.75,0,99.75,0,0,0,0
2611,115,172.75,125,153.75,152.25,0,144.5,0
2611,104,155,99,131,127.5,0,121.5,0
2611,105,144,0,90.5,96.25,0,91.75,108.75
2611,105,143.25,0,92.75,82.25,0,0,0
2611,109,144.75,0,121.25,105,0,0,0
2611,131,154.75,137.25,130,124.5,102,0,0
2611,110,127.75,107.25,85.75,89.75,0,120.5,0
2612,103,170.5,0,0,0,0,0,0
2612,104,86.25,0,0,0,0,0,0
2612,105,92,0,0,0,0,0,0
2612,105,143,0,0,0,0,0,0
2612,110,84.5,0,0,0,0,0,0
2613,124,132,0,98.5,116.5,0,82.25,0
2613,103,91.25,0,0,0,0,0,0
2613,104,169.75,97,153.25,144,0,123.25,0
2613,105,152,88.5,140.25,128,145.25,139.25,0
2613,105,140.5,0,92.5,105,0,138.5,0
2613,109,139,108,124.75,109,0,132.5,0
2613,110,145.25,94.25,116.75,128,0,116.5,0
2614,103,106.75,0,0,0,0,0,0
2614,104,117.25,0,0,0,0,0,0
2614,105,96.75,0,0,0,0,0,0
2614,105,85,0,0,0,0,0,0
2614,109,95.25,0,94.25,0,0,0,0
2614,110,92.75,0,0,0,0,0,0
2614,134,108.25,0,0,0,0,0,0
2614,132,130,0,0,0,0,0,0
2614,144,142.75,0,120,105,0,0,0
2614,122,161.5,132.5,146.75,127.75,0,0,0
2615,103,193.25,189.5,191.25,192,178.5,178.25,154
2615,104,195.5,191.75,195,194.25,183.75,183.5,0
2615,105,196.25,192.5,195.75,195,184,188,172
2615,105,196,191.75,195.25,195,187.25,186.75,187
2615,110,194.75,191.75,194,193.5,186,185.25,175
2615,140,193.5,189,192,190.75,173,176,161.25
2617,103,87,0,0,0,0,0,0
2617,104,121.75,0,115.5,100.25,0,0,0
2617,105,137,0,95,82.75,0,0,0
2617,105,128,0,91,89.25,0,0,0
2617,110,139,0,99.25,87.5,0,0,0
2618,103,177.25,148,166.75,168.75,112.5,138,0
2618,104,184.25,168.75,180.25,174.5,87.25,113.5,169.5
2618,105,187,170.25,183.25,178.75,128.75,145.75,0
2618,105,184,166,180.5,178.25,135.25,145,0
2618,138,167.5,150,154,129.5,0,118.5,0
2618,109,178.75,166.75,175.25,170.25,160.5,113,0
2618,110,180.75,174.75,176.75,175.25,119.75,142.75,155
2620,129,175.25,170.25,162.25,153.5,0,113.5,0
2620,104,156.5,104.5,131.5,94.5,0,119.5,0
2620,105,149.5,133.75,128.25,86.5,140,0,81
2620,105,152.25,0,103,126,0,145.5,0
2620,109,162.5,140.25,134,114,0,0,0
2621,123,147.5,116.25,90.75,82.25,0,144.25,0
2621,103,114,0,114,80.75,0,0,0
2621,104,157.5,0,103,112.75,0,107,0
2621,105,150.75,89.5,94.5,88.75,0,124.25,0
2621,105,142.75,140.5,89.25,84.75,0,101.5,0
2621,109,115.25,0,94,78,0,112.5,0
2621,131,114.25,0,89.5,86.5,0,113.5,0
2621,110,149,104,103.25,113.25,0,139.5,0
2622,103,165.5,0,105,104.5,0,96,0
2622,104,181.25,0,163.25,124,0,108.25,0
2622,105,184,174.25,164.25,125.5,0,148,0
2622,105,181,169.75,156,109.25,0,0,0
2622,109,180.5,179.75,143,105.75,0,0,0
2622,110,155.5,116.25,132.75,101.5,0,0,125.5
2623,102,162.25,107.5,145,151.5,81.25,142.5,0
2623,103,94.75,0,0,0,0,0,0
2623,104,133.25,0,98.5,92.25,0,0,0
2623,105,141,0,94.25,91.5,0,0,0
2623,105,106,0,85.75,88,0,0,0
2623,131,80.25,0,0,0,0,0,0
2623,110,85.25,0,0,0,0,0,0
2624,103,80,0,0,0,0,0,0
2624,104,149.25,101.5,95.75,116,0,0,0
2624,105,162.25,138.5,99.5,106.25,0,0,0
2624,105,130,0,93.5,98,0,0,0
2624,110,126.25,113.25,92.5,81.5,0,0,0
2625,103,83.25,0,0,0,0,0,0
2625,104,90.5,0,0,89.5,0,0,0
2625,105,109.5,0,0,0,0,0,0
2625,105,121.5,0,98,80.75,0,0,0
2625,110,111.75,0,87.25,78,0,0,0
2627,129,138,130.75,106.5,111.5,137.25,126.25,0
2627,103,93.25,0,0,0,0,0,0
2627,104,110.25,95,0,87.5,0,0,0
2627,105,111.75,0,88.75,106,0,0,0
2627,105,93.75,0,0,0,0,0,0
2627,110,77.5,0,0,0,0,0,0
2628,124,145,0,105.25,84.5,0,125.5,0
2628,103,78.25,0,0,0,0,0,0
2628,104,118.5,109.75,93,88,106.75,0,0
2628,105,132,105.25,91.75,79.75,0,126.25,0
2628,105,135.75,0,115.5,90.5,0,0,0
2628,110,130,114.75,88,104,0,128.5,0
2629,104,137.75,0,107,79.75,0,0,0
2629,105,107.75,0,0,0,0,0,0
2629,105,90.25,0,0,0,0,0,0
2629,109,91.5,0,0,0,0,0,0
2629,133,162.5,137,145,132.75,0,0,0
2629,110,101,0,0,0,0,0,0
2630,103,135.75,0,119.5,100,0,0,0
2630,104,137,0,100,100,0,0,0
2630,105,151,140.5,114.5,118.25,0,0,0
2630,105,118.5,0,0,89.75,0,0,0
2630,110,119.25,0,87.5,81.25,0,0,0
2631,103,110,0,0,0,0,0,0
2631,104,81.25,0,0,0,0,0,0
2631,105,180.25,0,0,0,0,0,0
2631,105,83,0,0,0,0,0,0
2631,110,84.25,0,0,0,0,0,0
2632,124,88.5,0,0,0,0,0,0
2632,102,170.25,134.5,156.5,154.5,162.5,94.25,0
2632,104,103.5,0,85.25,78,0,0,0
2632,105,120,117.5,97,80.75,0,0,0
2632,105,94.75,0,88.75,82.5,0,0,0
2632,110,97.75,0,95,83.25,0,0,0
2633,103,123,0,0,0,0,0,0
2633,104,94.5,0,0,0,0,0,0
2633,105,121.5,0,0,0,0,0,0
2633,105,85,0,0,0,0,0,0
2633,110,97.25,0,0,0,0,0,0
2634,123,139.75,127.25,94.75,94.75,137.75,0,0
2634,103,135.25,0,0,0,0,0,0
2634,104,149.25,94.75,86.25,100.75,0,0,0
2634,105,163.5,138,101,105.5,0,0,0
2634,109,118,99,107,99,0,0,0
2634,110,132.5,0,97.25,90.25,0,0,0
2635,103,162.5,0,0,0,0,0,0
2635,104,90.25,0,0,0,0,0,0
2635,105,80,0,0,0,0,0,0
2635,110,140.75,0,0,0,0,0,0
2636,103,126.25,116.75,90.75,105.25,180.5,0,0
2636,104,163.5,93.75,124.75,134.75,0,0,0
2636,105,174,132.25,136.75,144.25,0,0,0
2636,105,171.75,151,132.75,159.25,147,0,0
2636,110,156.75,124.75,131.5,139.5,0,129.75,0
2638,104,89.75,0,0,0,0,0,0
2638,105,94,0,0,0,0,0,0
2638,105,121.75,0,0,0,0,0,0
2638,109,110,0,0,0,0,0,0
2639,103,89.75,0,0,0,0,0,0
2639,104,84.25,0,0,0,0,0,0
2639,105,152.25,147.5,104,81.25,0,0,0
2639,105,159.75,0,89,87.25,0,0,0
2639,109,101.75,0,0,0,0,0,0
2639,110,140,115.75,97.5,102.5,0,0,0
2640,103,89,0,0,0,0,0,0
2640,104,100.25,0,0,81,0,0,0
2640,105,78.75,0,0,0,0,0,0
2640,105,85.25,0,0,0,0,0,0
2640,110,77.75,0,0,0,0,0,0
2641,103,94,0,0,0,0,0,0
2641,104,141.75,0,116.25,88,0,0,0
2641,105,87.75,0,0,0,0,0,0
2641,105,108.25,0,0,90.5,0,0,0
2641,110,117.5,0,100.5,85.5,0,0,0
2642,103,83.5,0,0,0,0,0,0
2642,104,141,104,104.25,98.5,0,0,0
2642,105,140.5,87,91.75,84.75,0,0,0
2642,105,150,149,89.5,129.25,0,0,0
2642,109,85,0,0,84,0,0,0
2642,110,136.75,125.5,92.25,80.5,0,0,0
2643,103,120.5,0,0,0,0,0,0
2643,104,140,0,101.25,93.5,0,0,0
2643,105,108.25,0,0,0,0,0,0
2643,105,88.5,0,0,0,0,0,0
2646,103,144.5,0,0,0,0,0,0
2646,104,96,0,0,0,0,0,0
2646,105,123.75,0,0,0,0,0,0
2646,105,84,0,0,0,0,0,0
2646,110,91.25,0,0,0,0,0,0
2647,104,89.75,0,0,0,0,0,0
2647,105,99,0,0,0,0,0,0
2647,105,96,0,0,0,0,0,0
2647,109,112.5,0,105.5,80,0,0,0
2647,110,91.5,0,0,0,0,0,0
2648,124,87.5,0,0,0,0,0,0
2648,103,102.5,0,0,0,0,0,0
2648,104,81.25,0,0,0,0,0,0
2648,105,95,0,0,0,0,0,0
2648,105,96.75,0,0,0,0,0,0
2648,110,80.75,0,0,0,0,0,0
2649,103,135.75,0,0,0,0,0,0
2649,104,94.75,0,0,0,0,0,0
2649,105,85.75,0,0,0,0,0,0
2649,105,106.25,0,0,0,0,0,0
2649,110,85.5,0,0,0,0,0,0
2650,103,155.5,0,0,0,0,0,0
2650,104,104.75,0,0,0,0,0,0
2650,105,100,0,0,0,0,0,0
2650,105,148.25,0,0,0,0,0,0
2650,110,92.5,0,0,0,0,0,0
2651,103,113,0,93.75,93.75,0,0,0
2651,104,138.5,104,102.25,94.25,0,0,0
2651,105,148,101.75,93.75,112.5,0,0,0
2651,105,123.5,113.5,88.5,95.75,0,0,0
2651,110,125,111.75,86,78.25,0,0,0
2652,103,85.5,0,0,0,0,0,0
2652,104,102.25,96.25,99.75,102,0,0,0
2652,105,118.5,115.5,99.25,0,0,0,0
2652,105,90.5,0,0,0,0,0,0
2652,110,106.5,100,93.75,93.75,0,0,0
2653,103,159.25,0,136.25,134.5,0,98.25,0
2653,104,174,136.25,168,155.5,0,129.25,0
2653,105,181.25,157.5,174.75,165.5,94.5,141.5,0
2653,105,174.75,115.25,170,162,123.25,104.75,0
2653,110,163.75,140.5,150.25,147.75,0,108.5,0
2654,103,87.75,0,0,0,0,0,0
2654,104,170.5,116.25,153,122,0,144.75,0
2654,105,175.25,155.25,149.5,110,0,103.5,0
2654,105,161.75,107,100,117.75,0,0,0
2654,110,147.75,103.5,126,93.5,0,107.25,0
2654,134,177.75,165.75,164.75,145.25,0,150.25,0
2655,103,144,0,0,0,0,0,0
2655,105,150.75,0,0,0,0,0,0
2655,105,106,0,0,0,0,0,0
2655,110,121.25,0,0,0,0,0,0
2656,103,148.25,134.25,104.5,106,98,128,0
2656,104,100,0,99.25,0,0,0,0
2656,105,105.5,0,0,0,0,0,0
2656,105,145.75,0,113.5,104.25,0,113,0
2656,110,123.25,0,89.25,95.5,100.5,0,0
2657,103,123.25,0,0,0,0,0,0
2657,104,96.75,0,0,86,0,0,0
2657,105,95,0,0,0,0,0,0
2657,105,121.5,0,0,0,0,0,0
2657,131,128.25,128,97.5,89.5,0,0,0
2657,110,86,0,0,0,0,0,0
2658,104,105.75,0,0,0,0,0,0
2658,105,102.75,0,0,0,0,0,0
2658,105,98,0,0,0,0,0,0
2658,110,102.75,0,0,0,0,0,0
2659,102,161.25,96,137,125.75,0,158.75,0
2659,103,94.5,0,0,0,0,0,0
2659,104,93.75,0,0,89.5,0,0,0
2659,105,91.5,0,0,0,0,0,0
2659,105,89.25,0,0,0,0,0,0
2659,110,83.5,0,0,80.75,0,0,0
2660,105,85.25,0,0,0,0,0,0
2661,103,106.75,0,0,0,0,0,0
2661,104,131,104.5,88.5,93.75,0,0,0
2661,105,136.75,0,92.25,94.5,0,0,0
2661,105,141.75,132.25,104.25,117,0,0,0
2661,109,135.25,114.5,100,103.75,0,0,0
2663,110,136.75,0,0,0,0,0,0
2664,105,99.5,0,0,0,0,0,0
2664,105,86.75,0,0,0,0,0,0
2664,110,85.5,0,0,0,0,0,0
2664,134,133.5,125.5,111.5,113.5,0,116.25,0
2664,132,98.25,0,0,0,0,0,0
2665,123,122.25,0,93.75,87.75,0,0,0
2665,103,87.5,0,0,0,0,0,0
2665,104,91,0,0,0,0,0,0
2665,110,91.25,0,0,0,0,0,0
2665,134,141.5,127.5,92.5,86,0,106,0
2666,124,92.75,0,0,0,0,0,0
2666,115,141.25,106.5,95.25,122.25,0,0,0
2666,131,98,96.5,0,80.75,0,0,0
2673,103,80,0,0,0,0,0,0
2673,104,145,0,108.5,78.25,0,0,0
2673,105,97.75,0,0,0,0,0,0
2673,105,110.25,0,0,0,0,0,0
2673,110,92.75,0,0,87.75,0,0,0
2682,103,93.25,0,92.25,0,0,0,0
2682,104,114.25,110.75,91.5,95.5,0,0,0
2682,105,90,0,0,0,0,0,0
2682,105,100.25,0,89.75,95,0,0,0
2682,110,112.75,0,92.25,82.5,0,0,0
2683,103,109.25,0,0,0,0,0,0
2683,104,92,0,0,0,0,0,0
2683,105,87.25,0,0,0,0,0,0
2683,105,80,0,0,0,0,0,0
2683,110,92.25,0,0,83,0,0,0
2702,123,178.25,158.75,170.5,159,128.25,107.75,0
2702,101,188,170.75,183.75,176,151.75,158.5,98.25
2702,124,180.25,168,177.5,167,0,126.5,0
2702,129,186.75,160,181,168.25,123.75,91.5,152.5
2702,103,176.75,156,170.5,158.25,82.75,83,0
2702,104,190.25,175.75,188.5,180.25,113.5,100.5,138
2702,105,191.5,176,189.5,184.25,119.5,108,136.5
2702,105,188.25,169,186.25,177.75,111.5,115.5,0
2702,125,183.25,160.25,180.5,169.75,0,91,0
2702,118,185.75,172,181.25,175.25,125.25,127.25,0
2702,138,181.5,149.5,174.5,143.25,0,0,0
2702,109,186.25,160.5,183.5,172.75,0,98.75,134.5
2702,131,187.25,178.25,182.75,174.75,0,120.25,0
2702,110,188,178,185.25,180,99,137.25,101
2702,122,184.5,155,180.25,163.25,144.75,109.75,0
2704,103,106.75,0,0,0,0,0,0
2704,104,134.25,106,87.25,85.25,0,0,0
2704,105,136.5,0,89.5,110,0,0,0
2704,105,122.25,0,120.75,116.75,0,0,0
2704,109,90.75,0,86.25,0,0,0,0
2704,131,157,149.25,132,129,0,133.5,0
2704,110,120.5,0,90.25,96.25,0,112.25,0
2705,103,96,0,0,0,0,0,0
2705,104,115,0,88.75,0,0,0,0
2705,105,150,0,87.25,138.5,0,0,0
2705,105,115,0,92,0,0,0,0
2705,109,104.5,0,98.25,0,0,0,0
2705,110,118.75,99.75,102.25,101.5,0,104.75,0
2706,124,175.25,147,167.5,148,0,112,0
2706,103,181,178,177,162.75,141.5,86.75,0
2706,104,187.25,167.5,185.25,172.75,0,98,0
2706,105,189.75,179.5,187.5,175.25,96.25,98.25,0
2706,105,184.25,158.5,181.5,173,0,79.25,0
2706,125,179.25,155.5,178,162.5,0,0,0
2706,109,182.25,165,180.25,165,0,124.5,0
2706,131,182,160.75,178.75,169,0,91,0
2706,110,185.5,183,183.25,176.75,105.75,146,0
2706,127,171.5,107.5,163.5,138.75,0,118.5,0
2707,103,121.25,0,86,102.75,0,0,0
2707,115,179.5,144.75,169.25,156.75,0,130,0
2707,104,159,124.75,132.75,91.25,0,0,0
2707,105,159.25,0,140,96.25,0,0,0
2707,105,132.5,0,112,121.25,0,0,0
2707,125,136.5,0,124.75,105,0,0,0
2707,110,134,0,95.75,100.25,0,0,0
2708,123,169.25,150.5,152.5,145.75,98,102.5,0
2708,124,161.5,157.25,152.75,147.75,0,88,0
2708,103,162,145.25,154.5,148.5,158,109.25,0
2708,104,170.25,146.25,163.75,151,142.75,92.75,0
2708,105,172,155.25,164.25,151.5,168.75,106.75,150
2708,105,163.5,143.75,159.25,151.5,0,95.75,133
2708,125,156,142.75,151,131.75,0,122,0
2708,109,157.75,139,151.5,140.75,0,82.25,0
2708,131,172.5,156,163,156.75,0,148.75,0
2708,110,175.5,164.75,169.5,163.5,0,128.5,0
2709,124,184.5,169,181.5,179.25,141.5,147.75,0
2709,103,185,182.25,181.75,180.75,169.5,168.25,0
2709,104,189.75,176.75,188.25,183.75,165.5,160,0
2709,105,191.75,173,190.5,186.75,149.25,169.5,0
2709,105,189.5,174.75,187,185.25,175,170.5,117
2709,109,186.75,171.75,184.5,179,161.5,147.75,0
2709,110,191.5,189.5,189.25,184.75,168,173,0
2710,124,159.25,114.25,148,135.25,121.5,129,0
2710,103,165.75,121.5,161.5,152.75,103.25,82.25,0
2710,104,182.75,172.5,181,164.5,108.5,89.25,0
2710,105,181.25,143.5,178.5,168.25,140.75,95.5,0
2710,105,173,95.75,167.75,156.5,121,111,0
2710,125,162.25,134.25,154.75,125.25,0,100.5,0
2710,145,153.75,0,146.5,88.5,0,0,0
2710,109,177.25,149.75,173.75,155,0,160.75,0
2710,110,176,168.75,172,166,88.25,117.75,141.5
2711,124,187,177,185,177,125.5,121,0
2711,103,187,175.5,182.75,173,126.25,127.5,110.25
2711,115,191.5,187.5,189,185.25,124.25,159.25,0
2711,104,193.5,181.75,192.5,186.5,146.25,138.75,0
2711,105,194.5,185,193.25,189.25,158.25,164.25,154.25
2711,105,193,182.5,192.25,189,172.25,159.25,155
2711,125,190.5,171.75,189,179.75,105.5,92.25,0
2711,118,191.25,173,188.5,183.5,0,138.5,0
2711,109,191.5,179.5,191,184,128.25,116.5,0
2711,131,190.5,183.75,188.5,182.25,107.5,136.5,0
2711,110,191.5,188.25,190,186,137.75,161.75,156.5
2712,123,194.5,193,192.5,190.33,155.25,179.5,0
2712,124,194,192.75,193.25,192.25,155.25,170.25,0
2712,129,194.75,194.5,194,192,175.5,177.25,0
2712,103,194,191.75,193,190.75,173.75,170.25,191
2712,104,196.5,191.5,196,193.25,177.5,174,144.75
2712,105,196.5,193.25,196.25,193.25,180.5,180.25,159.5
2712,105,196,192.75,195.5,192.75,174.5,177,142
2712,125,195.25,193,194.75,192,142.75,170.5,0
2712,138,191.25,188.25,189.25,188,0,153.75,0
2712,109,195.5,191.25,195.25,192.75,170.5,170.5,0
2712,131,194.75,192.5,194.25,192.5,161.25,175.5,0
2712,110,195.75,193.25,195.25,193,175.75,180,147.75
2712,122,191.5,186.25,189.5,187.75,159,146,0
2713,103,109.75,0,102.5,108,0,0,0
2713,104,142,0,105,107,0,0,0
2713,105,149.75,125.75,117.75,115,0,0,0
2713,105,129.5,0,93,86.75,0,0,0
2713,109,129.5,0,94.25,78.5,0,0,0
2713,110,140.75,122,86.5,99.25,0,0,0
2714,104,128.5,0,0,0,0,0,0
2714,105,134.25,0,0,0,0,0,0
2714,105,160.25,0,0,0,0,0,0
2714,131,103.25,0,0,0,0,0,0
2714,110,132.5,0,0,0,0,0,0
2715,101,174.75,0,143.25,123.25,133.75,106.75,0
2715,103,101.5,0,0,0,0,0,0
2715,115,157.5,151,135.75,143.5,0,0,0
2715,104,163.25,124.75,142,121.5,0,0,0
2715,105,167.25,110.75,149.75,100,0,90,0
2715,105,141,99.25,102,81.25,0,0,0
2715,109,139.5,118,126.75,117,0,126.75,0
2715,110,148.75,104.5,123,97.5,136,0,0
2716,123,156.25,115.75,133.5,112,138.5,0,0
2716,104,163,158.75,154.75,143,0,0,0
2716,105,163.5,126.5,149.25,106.75,0,0,0
2716,105,144.25,0,128.25,94.75,0,106.5,0
2716,109,146.5,140.75,134.5,104,0,0,0
2716,131,157.25,139.25,141.5,138,0,128.25,0
2716,110,165.75,150.5,153.25,148.5,0,111.25,0
2716,122,158,145.25,147,132.25,0,135.25,0
2717,103,90.75,0,0,0,0,0,0
2717,104,136.75,97.5,92.5,84.25,0,0,0
2717,105,87.5,0,0,0,0,0,0
2717,105,103.75,0,0,0,0,0,0
2717,110,91,0,0,0,0,0,0
2718,103,192.25,189.75,191.5,187.5,159,168.75,0
2718,104,194.75,190.75,194,189.5,159.5,161.5,0
2718,105,195,191.25,194.5,190.75,163.25,168.5,155.25
2718,105,193.75,190.25,192.75,189.5,156.25,165,0
2718,109,193.25,187,192.25,188,147.5,142.25,0
2718,131,192,188,190.75,185,110.5,151,0
2718,110,194.25,191.25,193.5,189.5,160,169,122.75
2719,123,178,156,167.25,155.75,0,130.5,0
2719,102,194,183.75,191.5,188.25,171.5,178,159.25
2719,103,185.25,183.5,182,174.25,135.25,140.5,0
2719,104,191,173.25,189.25,182.75,100,137.5,0
2719,105,192,180.75,190,183,149.5,153.5,0
2719,105,189.5,180,187.75,182,131.25,151.75,141.75
2719,125,189,160,185.25,175.25,0,128.75,0
2719,109,187.25,167,185.75,178.5,130.75,112.5,0
2719,110,189.25,187,187,181,145,153.5,0
2721,124,141.25,120.75,108.5,93.75,0,0,0
2721,103,101.5,0,101.25,0,0,0,0
2721,104,103.5,0,91.5,95.75,0,96.5,0
2721,105,132,0,88.25,90.75,0,0,0
2721,105,124.25,0,118,95.5,0,0,0
2721,136,130.25,105,0,116,0,0,0
2721,109,119,0,0,0,0,0,0
2721,110,147,135,133,120.25,0,119.25,0
2722,103,186,185,181.25,170.5,138.75,148.75,0
2722,104,189,175.25,186.25,177.5,141.5,123.25,0
2722,105,188.75,183,187,179,104.25,137,0
2722,105,184.25,168,181.75,173,83.25,109.5,0
2722,136,181.25,148.25,178.75,165.5,153.25,0,0
2722,109,185,158.5,183.25,169.25,0,99.25,0
2722,110,186.75,180,184,174.75,152.5,147,0
2723,102,183,173.25,173,161,143,103.75,0
2723,103,150.75,135.25,128.25,100.5,120,109,0
2723,104,172.5,116.25,163,125.25,137.75,84.25,0
2723,105,172.5,108.5,159,113.25,134,98.5,0
2723,105,164.5,158.25,145,116.75,138.5,87.5,0
2723,109,161.5,107.75,152.5,104,113.75,129.75,0
2723,110,161,0,140.5,133.75,133.75,113,0
2725,103,149.75,110.25,129.5,120.25,0,125.75,0
2725,104,173.25,141,162.75,136,0,115.5,0
2725,105,174.25,133.5,168.5,148.5,139.25,139.25,0
2725,105,179.75,145,169,160.5,133.75,98.5,0
2725,109,170,160.25,161,133.75,0,142.5,0
2725,110,165.75,158,159.5,149.25,135,100.25,0
2726,123,129,0,94.75,115,0,0,0
2726,101,161.25,122,140,126.25,134,88.75,0
2726,124,153,146.75,142.5,114.75,0,0,0
2726,102,181.75,164.25,172,160.75,140.5,142,0
2726,103,158.5,146.75,148.75,142.75,0,96.25,0
2726,103,124.75,0,97.75,107.5,0,0,0
2726,104,168.5,121,159.25,134.75,100.5,137.25,0
2726,105,169.25,89,161.75,139,134.5,124.5,0
2726,105,167.75,146.75,158.25,147,98.25,139.75,0
2726,125,150.75,130.75,142.5,116,0,0,0
2726,109,160.75,139.25,154.25,130,0,142.5,0
2726,131,175.75,157,166.75,149,0,98,0
2726,110,163.25,148.75,156.25,145.25,0,106,0
2726,135,150.25,147,137.5,116.5,0,0,0
2727,101,167.25,110.25,144.25,86.25,0,119.75,164
2727,124,139.5,0,135.25,0,0,0,0
2727,102,178.25,168.5,167.5,148.25,143,114.5,0
2727,129,173.25,129.75,164.25,127.5,0,130.75,0
2727,103,91.25,0,0,0,0,0,0
2727,104,173.25,129.25,165.5,116.5,0,89.5,0
2727,105,169.25,116.25,157.75,85,0,107,144.5
2727,105,128.25,0,103.25,92.5,0,81.25,0
2727,118,167.25,152.75,149.75,101.75,0,118,0
2727,109,162,127,148.5,93.5,112.75,0,0
2727,110,152.5,125,140.5,109.25,0,0,0
2729,123,174.75,105.25,150.25,142,0,97.25,0
2729,104,149.75,147,135.25,90.25,0,0,0
2729,105,151,0,117,108.75,0,0,0
2729,105,133.25,0,94.75,77.5,0,127.25,0
2729,131,139.75,126.5,103.25,95,0,127.25,0
2729,110,148.25,100,132.25,125,0,107.75,0
2731,104,125,0,95.25,94.25,0,125.25,0
2731,105,87.75,0,0,0,0,0,0
2731,105,96.5,0,0,0,0,0,0
2731,110,116,99,90.5,95.25,0,0,0
2731,134,159.25,155.75,149.5,129,143.25,109.5,0
2732,103,86.25,0,0,0,0,0,0
2732,104,113.75,98,93.25,97,0,0,0
2732,105,88,0,0,0,0,0,0
2732,105,89.75,0,0,0,0,0,0
2732,109,103.5,0,0,0,0,0,0
2732,110,92.25,0,0,0,0,0,0
2733,104,92.5,0,0,0,0,0,0
2733,105,109.25,0,0,0,0,0,0
2733,105,127,0,0,0,0,0,0
2733,138,141,99,116.75,103.75,0,84.75,0
2733,110,78.75,0,0,0,0,0,0
2734,103,126,0,88.5,97.75,0,124.75,0
2734,104,160.75,0,155.75,123.75,0,137,0
2734,105,155.25,141,140.25,104.25,0,136.5,0
2734,105,153,137.75,136.25,122.25,0,150.25,0
2734,109,140.25,0,132.25,112,0,0,0
2734,110,143.25,99.5,128.5,113.5,0,110,0
2735,104,166.5,122.5,153.75,126.5,0,123.25,0
2735,105,147.5,0,123.5,113,0,0,0
2735,105,136.5,0,102.5,115.5,0,96,0
2735,109,141,105,117,131,0,0,0
2735,110,147.25,134,133.25,111.5,0,132.75,0
2736,102,191.75,177.75,189,182.5,177.75,157.25,0
2736,103,145.75,0,121,110.5,0,133.25,0
2736,104,177.25,160.75,166.5,132,0,0,0
2736,105,172,0,158,103,0,106.75,0
2736,105,149.75,146,138.25,100.25,0,92.75,0
2736,109,155.75,117.25,148.75,115.5,0,111.5,0
2736,110,151.5,148,140,126,144.25,88,0
2737,110,142.5,0,0,0,0,0,0
2738,103,125.75,0,0,0,0,0,0
2738,104,89,0,0,0,0,0,0
2738,105,105.75,0,0,0,0,0,0
2738,105,92.25,0,0,0,0,0,0
2738,110,104,0,93,0,0,0,0
2739,103,166.5,140,160.75,112,0,0,0
2739,104,181.25,152.5,176,141.75,132.5,147.25,0
2739,105,185,144,179.75,143.5,116.75,128.5,0
2739,105,178.5,145.5,174,133.5,85,119,0
2739,110,180.75,157.25,174.25,153.5,0,118.75,0
2740,123,153.75,153,134.75,87.5,0,148.25,0
2740,124,137.75,136,126.25,81.5,0,0,0
2740,104,149,102.25,141.25,115.75,0,0,0
2740,105,152.5,144,139.25,118,0,133.75,0
2740,109,149,135.75,138.5,104,0,0,0
2740,110,160.5,148,152.25,145.5,0,107.5,0
2741,103,150.25,124.5,97,97,0,0,0
2741,104,167.25,156.5,127.25,99,0,0,0
2741,105,161.75,130.75,135,98.5,0,0,0
2741,105,145.5,0,107.5,125.25,89.5,0,0
2741,110,146.25,120.75,124.5,93,0,124.25,0
2743,103,99.75,0,0,0,0,0,0
2743,104,107,0,0,0,0,0,0
2743,105,104,0,0,0,0,0,0
2743,105,124,0,0,0,0,0,0
2743,110,92,0,0,0,0,0,0
2744,103,80.75,0,0,0,0,0,0
2744,104,105,0,98.75,78.5,0,0,0
2744,105,96.75,0,91,92,0,0,0
2744,105,99.25,0,0,0,0,0,0
2744,109,133.25,0,109,108.75,0,0,0
2744,110,115.75,94.75,93.75,112.25,0,89,0
2745,103,114.5,0,0,0,0,0,0
2745,104,140.75,0,108.75,113.25,0,0,0
2745,105,147.75,0,101.25,122,0,0,0
2745,105,102.75,0,0,0,0,0,0
2745,110,113.75,0,94,103.75,0,0,0
2747,103,104,0,0,0,0,0,0
2747,104,110.5,0,0,0,0,0,0
2747,105,83.75,0,0,0,0,0,0
2747,105,83.25,0,0,0,0,0,0
2747,110,96.5,0,0,0,0,0,0
2748,105,149.25,0,0,0,0,0,0
2749,103,161.5,0,0,0,0,0,0
2749,104,92,0,0,0,0,0,0
2749,105,115.5,0,0,0,0,0,0
2749,105,85,0,0,0,0,0,0
2749,109,123,0,0,0,0,0,0
2749,110,96.25,0,0,0,0,0,0
2749,132,99.5,0,94.25,88.75,0,0,0
2750,123,122.75,0,89.5,98.75,0,0,0
2750,101,171.5,141.5,164.25,138.75,0,110.5,0
2750,102,166.75,166,153.25,135.5,143,125,0
2750,129,154.5,125,137.25,118.5,0,138.75,0
2750,104,145,0,129.75,97.5,0,0,0
2750,105,162,100.25,137.5,89.75,0,0,0
2750,105,124.5,91.5,102.75,107.5,0,107.5,0
2750,110,134.5,95.5,90.5,84.25,0,0,0
2751,103,83,0,0,0,0,0,0
2751,104,157.25,104.25,142,116.25,0,99.75,0
2751,105,149.5,147.25,127.5,98.75,0,0,0
2751,109,141.5,0,121.75,104.25,0,0,0
2751,110,139.75,116.5,119,88,0,96.5,0
2752,103,83.5,0,0,0,0,0,0
2752,104,131,0,104.5,81.25,0,0,0
2752,105,137.75,0,113.5,85.5,0,0,0
2752,105,128.75,0,96.5,89.25,0,0,0
2752,109,127.5,98.75,111.75,109.25,95.75,0,0
2752,110,127.75,122.5,95.5,86.25,0,0,0
2753,103,110.5,0,0,0,0,0,0
2753,104,91.5,0,0,0,0,0,0
2753,105,127.5,0,0,0,0,0,0
2753,131,102,0,96,0,0,0,0
2753,110,120,0,0,0,0,0,0
2755,123,145.25,96.25,127.5,115,0,0,0
2755,103,88.5,0,0,0,0,0,0
2755,104,122.5,117,93.75,117,0,0,0
2755,105,109.75,0,107.25,94,0,0,0
2755,110,110.75,110.25,94.75,85.5,0,0,0
2758,103,81.75,0,0,0,0,0,0
2758,104,98,0,0,0,0,0,0
2758,105,113.5,0,0,0,0,0,0
2758,105,129.25,0,0,0,0,0,0
2758,110,124,0,0,0,0,0,0
2761,103,108,0,0,0,0,0,0
2761,104,115.5,0,88,99.5,0,0,0
2761,105,103,0,0,0,0,0,0
2761,105,114.25,0,0,0,0,0,0
2761,110,95.5,0,0,0,0,0,0
2762,103,129,114.75,0,103.5,0,0,0
2762,104,154.5,151.25,127,105.75,0,0,0
2762,105,169.5,159,135,116.5,0,158.5,0
2762,105,128.5,0,102.25,100.75,0,0,0
2762,110,159.25,154.75,128.5,119.75,0,0,0
2763,103,139.5,0,99.5,122.5,0,0,0
2763,104,138,129.25,107.75,110.25,123.5,99,0
2763,105,133.25,124,109.25,105.25,0,0,0
2763,105,124.75,0,104,78,0,0,0
2763,131,140.5,123.5,112.25,86.5,0,90.25,0
2763,110,116.25,108.75,86.5,82.5,0,102.25,0
2764,102,179.5,175,169.5,150.25,144,88,0
2764,103,157.5,141.25,141.25,113.25,131,0,0
2764,104,174.5,144.5,163.5,129.25,0,133.25,0
2764,105,175.75,94.25,166,130.75,133.75,111,0
2764,105,165.75,119.75,155.75,127,0,131,0
2764,110,167.75,136.75,153.75,141,78.5,120,0
2765,104,100.75,0,0,0,0,0,0
2765,105,81.75,0,0,0,0,0,0
2765,105,108,0,0,0,0,0,0
2765,110,90,0,0,0,0,0,0
2767,104,89.5,0,0,0,0,0,0
2767,105,120.25,0,0,0,0,0,0
2767,105,84.25,0,0,0,0,0,0
2767,110,115.5,0,0,0,0,0,0
2768,103,135,127.25,88,89,0,0,0
2768,104,127.5,124.25,105.5,88,0,0,0
2768,105,138.25,0,104,103,0,0,0
2768,146,142.25,0,119.75,122.25,139.5,0,0
2768,110,136.75,91.5,111.25,89.25,127.25,0,0
2769,124,95.75,0,0,0,0,0,0
2769,103,120,0,0,0,0,0,0
2769,104,86.5,0,0,0,0,0,0
2769,105,140,0,0,0,0,0,0
2769,105,97,0,0,0,0,0,0
2769,118,160.5,151.5,140.5,135.5,0,113.25,0
2769,110,84.75,0,0,0,0,0,0
2769,134,150,143.75,94.25,96.25,128,103.75,0
2769,132,172.5,154,134.25,86.5,0,117,0
2770,104,95.5,0,0,0,0,0,0
2770,105,184.75,0,0,0,0,0,0
2770,105,120,0,0,0,0,0,0
2770,110,85,0,0,0,0,0,0
2771,105,136,0,0,0,0,0,0
2772,104,119.25,0,0,0,0,0,0
2772,105,111.25,0,0,0,0,0,0
2772,110,102.25,0,0,0,0,0,0
2776,101,178,177.25,173,172.25,156.5,147.5,0
2776,124,93,0,0,0,0,0,0
2776,103,117.25,0,0,0,0,0,0
2776,104,101,0,0,0,0,0,0
2776,131,94,0,0,0,0,0,0
2776,110,98.75,0,0,0,0,0,0
3011,124,184.75,184.5,180.5,180.25,153.25,169,174.75
3011,129,192.75,189,190.75,189.5,170.75,180.25,0
3011,103,187,183,183,180.75,171.75,176.75,158.5
3011,104,189.5,183,187.5,184.25,160.75,170.5,152.75
3011,105,192.25,187,190.5,188.5,174.5,180.5,186.5
3011,105,190.25,185,187.25,185,173.5,178.25,175.75
3011,109,186.25,182.5,182.25,179,149.25,168.25,166
3011,110,190.5,187.25,188.5,185.75,176.5,178.25,156.5
3011,134,189.75,188,186.5,185.5,156.75,175.25,174.25
3011,121,190.5,184.75,187.25,185.75,154,174.25,155.75
3011,103,166.5,104.25,107.75,112.5,118.75,120.5,0
3011,110,156.5,101,104.5,128.5,0,134.5,131.75
3016,103,157,141.5,141.75,148.5,0,144.75,141.5
3016,104,159.75,116.75,151.25,155.25,132.75,141,0
3016,105,169,161.75,157.75,163.75,107,147,0
3016,105,167.75,129.5,153.75,162.5,133.5,144.75,0
3016,110,171.5,154,163,166.75,155.75,153,0
3016,103,101.5,0,0,0,0,0,0
3016,110,103,0,0,0,0,0,0
3018,103,148,112.25,137,139.75,115,137.75,0
3018,104,150.5,136.5,141,143.25,83.25,128,0
3018,105,162.5,155,151,153,0,143.5,0
3018,105,154.5,128.25,141,149.75,131.25,136.25,0
3018,110,162.5,149.75,158.5,158.25,101.5,150,0
3018,103,106.75,0,0,0,0,0,0
3018,110,89.25,0,0,0,0,0,0
3019,103,161,110.25,144.5,153,0,145.25,0
3019,104,166.5,110.25,153.75,159.25,131.25,147.5,0
3019,105,172.25,103.75,161.75,166.75,0,150.75,157.5
3019,105,171.25,124.25,161.75,166,111.25,149.5,0
3019,110,175,151.25,167.25,169.75,138.75,154.75,0
3019,103,83.5,0,0,0,0,0,0
3019,110,101.5,0,0,87.75,0,0,0
3021,103,159.25,143.5,150.5,150.5,0,141.5,0
3021,104,164.5,143.25,153,153.25,150,140,0
3021,105,173,165.25,164.75,160.75,0,149.75,0
3021,105,162.25,134.5,151.5,153.75,119.25,145,113.25
3021,110,171.5,168.75,165.75,166.75,152.75,154,0
3021,103,94.25,0,0,0,0,0,0
3021,110,91,0,0,0,0,0,0
3403,104,128.75,0,0,0,0,0,0
3403,105,116.25,0,0,0,0,0,0
3403,110,95.5,0,0,0,0,0,0
3410,103,78.75,0,0,0,0,0,0
3410,104,84.5,0,0,0,0,0,0
3410,105,88,0,0,79.5,0,0,0
3410,105,90,0,0,0,0,89.25,0
3410,110,122,0,0,113,0,110,0
3425,103,116.5,0,0,0,0,0,0
3425,104,87.75,0,0,0,0,0,0
3425,105,97.25,0,0,0,0,0,0
3425,105,100.5,0,0,80.5,0,0,0
3425,110,112.5,0,88.75,91,0,0,0
3451,105,108.75,0,0,0,0,0,0
3451,110,112.75,0,0,0,0,0,0
3454,103,128.25,0,116.5,94,0,0,0
3454,104,97,0,0,94.5,0,0,0
3454,105,129.5,0,120.5,95,0,109,0
3454,110,124.25,0,121,94,0,112,0
3456,103,83.25,0,0,0,0,0,0
3456,104,93.75,0,0,0,0,0,0
3456,105,87.25,0,0,0,0,0,0
3456,105,88,0,0,0,0,0,0
3456,110,109.25,0,97,83.75,0,0,0
3457,115,165,146.75,138.5,142.5,0,0,0
3457,141,90.25,0,0,0,0,0,0
3458,101,170,0,153,126.75,0,140.25,0
3458,129,146.5,126.5,106,108,0,100.25,0
3458,118,146,0,120.25,115,0,144,0
3458,132,134.25,121.75,103.5,81,0,0,0
3459,102,173.75,162,163.25,154.75,0,98,0
3459,103,98.25,0,0,0,0,0,0
3459,104,126.25,0,116.75,116.25,0,0,0
3459,105,123,0,93.25,96.5,0,89,0
3459,105,97.75,0,0,0,0,0,0
3459,110,88.5,0,0,0,0,0,0
3460,103,94.25,0,0,0,0,0,0
3460,104,87,0,0,0,0,0,0
3460,105,89.75,0,0,0,0,0,0
3460,110,89.5,0,0,0,0,0,0
3461,103,80.25,0,0,0,0,0,0
3461,105,100.25,0,0,0,0,0,0
3461,105,125.25,0,0,0,0,0,0
3461,110,98.25,0,0,0,0,0,0
3462,103,103,0,0,0,0,0,0
3462,104,88.5,0,0,0,0,0,0
3462,105,78.25,0,0,0,0,0,0
3462,105,127.75,0,0,0,0,0,0
3462,110,103.5,0,0,0,0,0,0
3464,103,178.75,162.25,172.75,175,147.5,167.75,0
3464,104,181,168.25,176.75,176.75,141.75,166.75,100.5
3464,105,185.25,173.75,181,179,170.25,169.75,0
3464,105,180.5,157.25,177.25,176.75,144,170,146.25
3464,110,182.5,174.25,178.5,177.75,159,170.5,139.25
3465,103,182.25,175.25,178.75,178.5,163.75,168.25,149.5
3465,104,184.75,173.25,181.5,182,146,168.5,0
3465,105,189.5,182,186.5,184.25,156.75,171,167.75
3465,105,184.75,176,182.25,181.25,165,171.75,0
3465,110,185.5,180.25,183,183.5,167.5,174.25,163
3466,103,78.25,0,0,0,0,0,0
3466,104,144,0,0,0,0,0,0
3466,105,92.25,0,0,0,0,0,0
3466,110,82.5,0,0,0,0,0,0
3701,103,148.75,143,123.75,84.5,0,83.5,0
3701,104,163.5,100.75,149.25,131.25,0,93.25,119
3701,105,161.75,125,150.5,133.25,0,122.5,0
3701,105,143.25,117.75,134.25,96.75,0,132.5,0
3701,110,155.75,151.25,149,144.5,0,96,0
3760,103,102,0,0,0,0,0,0
3760,104,97,90.75,95.75,0,0,0,0
3760,105,94.75,0,94.25,86.25,0,0,0
3760,105,83.75,0,0,0,0,0,0
3760,110,128.25,0,114.5,99,0,0,0
3766,103,93.5,0,0,0,0,0,0
3766,104,151.75,0,0,0,0,0,0
3766,105,112.25,0,0,0,0,0,0
3766,110,98,0,0,0,0,0,0
3781,110,94,0,0,0,0,0,0
3782,103,88.75,0,0,0,0,0,0
3782,104,90,0,0,0,0,0,0
3782,105,147.5,0,0,0,0,0,0
3782,105,120.5,0,0,0,0,0,0
3782,110,89.5,0,0,0,0,0,0
3786,123,103,0,0,0,0,0,0
3786,104,114.5,0,0,0,0,0,0
3786,105,109,0,0,0,0,0,0
3786,105,107,0,0,0,0,0,0
3786,131,132,125,114.5,0,0,0,0
3786,110,108.75,96.5,0,0,0,0,0
3795,103,147,139,123,131,0,125.5,0
3795,104,162.5,145.25,150.75,114.5,0,112.5,0
3795,105,150.25,97,134.25,99.75,0,117,0
3795,105,119.25,94.25,93.25,113.75,0,0,0
3795,110,146.5,143.5,134.5,119.25,0,104,0
3801,103,157.75,146.75,121,138,0,107,0
3801,104,164.5,156.5,152.75,156.5,0,112,0
3801,105,180,155,151.25,166.75,0,149.75,0
3801,105,162,160.5,142.25,137.25,0,90.25,0
3801,136,137.5,130.75,113.5,100.75,0,0,0
3801,109,151.75,131.25,135.5,126,0,0,0
3801,110,165.75,145.75,146.5,146.5,0,118,0
3802,103,107.75,0,0,0,0,0,0
3802,104,97,0,0,0,0,0,0
3802,105,94.5,0,0,0,0,0,0
3802,105,136.25,0,0,0,0,0,0
3802,110,89.25,0,0,0,0,0,0
3803,103,162.75,160.75,145,137.75,0,115,0
3803,115,175.75,157.5,152,128.75,0,94.25,0
3803,104,174.5,165.75,164.25,147.25,0,91.75,0
3803,105,172.25,147.5,165,134,0,110.75,0
3803,105,156,146.75,145.25,117.25,0,102.25,0
3803,109,155.5,149.5,146.75,116,0,115.25,0
3803,110,164.75,161.25,155.25,142.5,0,106.5,0
3804,124,89.75,0,0,0,0,0,0
3804,103,109.5,98,88,86,0,0,0
3804,104,118.5,0,103,80.5,0,0,0
3804,105,109.75,96.75,94.25,96.75,0,0,0
3804,105,115.25,0,93,95.25,0,0,0
3804,110,132.75,127,93.75,97.25,0,0,0
3805,102,165.75,149.5,151.5,152.25,0,117,0
3805,103,99.25,0,0,96,0,0,0
3805,104,145.75,111,111.5,91,0,0,0
3805,105,114.25,90.5,104.25,90,0,0,0
3805,105,133.75,127.25,96.25,95,77.75,0,0
3805,109,127.5,0,110.75,111.5,0,0,0
3805,110,130.5,106,93,90.25,128.75,0,0
3806,103,111,89,87.75,79.75,0,0,0
3806,104,130,104.5,86.25,93.25,0,87.75,0
3806,105,126,115,99.75,89.75,0,0,0
3806,105,133.25,107,108,112.75,0,0,0
3806,109,130,106.5,96.75,96.25,0,0,0
3806,110,141,133.75,131,125.75,0,85,0
3807,123,108,0,0,0,0,0,0
3807,103,92,0,0,0,0,0,0
3807,104,130.5,94.25,105.25,97.25,0,0,0
3807,105,101.25,0,0,0,0,0,0
3807,105,83.5,0,0,0,0,0,0
3807,125,113,0,0,0,0,0,0
3807,109,105.5,0,0,0,0,0,0
3807,110,115.5,98.75,94.5,85,0,80.5,0
3808,103,100,0,0,0,0,0,0
3808,104,136.75,120.25,108,101.25,0,0,0
3808,105,104,0,0,0,0,0,0
3808,105,106.25,0,0,0,0,0,0
3808,125,126.75,0,0,0,0,0,0
3808,109,124.25,0,0,0,0,0,0
3808,110,80.5,0,0,0,0,0,0
3809,104,103.75,0,0,0,0,0,0
3809,105,152.5,0,0,0,0,0,0
3809,105,152,0,0,0,0,0,0
3809,110,89.75,0,0,0,0,0,0
3810,103,127,116.75,101.5,103.25,0,0,0
3810,104,94.75,0,0,0,0,0,0
3810,105,90,0,0,0,0,0,0
3810,105,82.75,0,0,0,0,0,0
3810,125,102.75,0,0,0,0,0,0
3810,109,94.5,0,0,0,0,0,0
3810,110,127,119.75,88.75,88,0,118.25,0
3811,103,87,0,0,0,0,0,0
3811,104,148.5,144.25,86.5,97.75,0,0,0
3811,105,111.25,102.75,85.75,0,0,0,0
3811,105,102.5,91,90.25,0,0,0,0
3811,110,132.75,130.5,87.75,79.75,0,110.5,0
3812,124,89.75,0,0,0,0,0,0
3812,103,106.75,0,91.75,89.25,0,0,0
3812,104,140.75,89,103.5,94,0,0,0
3812,105,133.25,0,99.75,87.5,0,97.75,0
3812,105,128.5,93.5,96.5,113.25,0,0,0
3812,125,90.25,0,0,0,0,0,0
3812,109,132.25,95.25,97.25,87.5,0,0,0
3812,110,130.5,122.75,98.25,83.75,0,87.25,0
3813,103,104.75,0,0,0,0,0,0
3813,104,95,0,0,0,0,0,0
3813,105,144.5,0,0,94.75,0,0,0
3813,105,113.5,0,0,0,0,0,0
3813,109,126.5,0,0,0,0,0,0
3813,110,80.75,0,0,0,0,0,0
3814,103,110.25,0,0,0,0,0,0
3814,104,104,0,0,0,0,0,0
3814,105,96.25,0,0,0,0,0,0
3814,105,127.25,0,0,0,0,0,0
3814,110,99.75,0,89,0,0,0,0
3815,129,186.25,0,173.75,160.5,0,151.25,0
3815,103,125.25,0,0,0,0,0,0
3815,104,123.5,0,0,0,0,0,0
3815,105,97.25,0,0,0,0,0,0
3815,105,89,0,0,0,0,0,0
3815,109,136.75,0,0,0,0,0,0
3815,110,87.25,0,0,0,0,0,0
3815,122,96.25,0,0,0,0,0,0
3817,103,136.5,0,120.5,108.75,0,116.5,0
3817,104,99.25,0,0,87,0,0,0
3817,105,80,0,0,0,0,0,0
3817,105,113.25,85,101.25,102,0,0,0
3817,110,123.75,91.25,103.25,80,0,0,0
3819,103,176,175.25,170.25,161.5,0,162.5,0
3819,104,184,167.5,179.75,167,0,143,0
3819,105,186.5,179,180.25,175.75,160,158,157
3819,105,178.75,171.5,175,161.75,111,150,0
3819,136,167.5,166.25,156.75,148.75,0,114.5,0
3819,109,176.25,163,174.25,162.25,0,117,0
3819,110,181.75,175.75,177.75,171.75,141,140.5,144.5
3820,103,95.25,0,0,0,0,0,0
3820,104,86.25,0,0,0,0,0,0
3820,105,78,0,0,0,0,0,0
3820,105,87.75,0,0,0,0,0,0
3820,131,129,124.75,114.25,85.5,0,127.5,0
3820,110,100.25,0,88,83,0,0,0
3821,103,101,0,0,0,0,0,0
3821,104,96.25,0,0,0,0,0,0
3821,105,122,0,0,0,0,0,0
3821,105,89.75,0,0,0,0,0,0
3821,110,108,0,0,0,0,0,0
3822,103,107.25,0,0,0,0,0,0
3822,104,92,0,0,90,0,0,0
3822,105,96.75,0,0,0,0,0,0
3822,105,84.25,0,0,0,0,0,0
3822,110,87.25,0,0,0,0,0,0
3823,123,95.5,0,0,0,0,0,0
3823,104,117.75,0,0,0,0,0,0
3823,110,92.75,0,0,0,0,0,0
3825,103,87.75,0,0,0,0,0,0
3825,104,96.5,0,91,0,0,0,0
3825,105,92,0,0,0,0,0,0
3825,105,93.75,0,0,0,0,0,0
3825,110,123.5,0,103,84,0,0,0
3826,103,132.75,0,107.25,90.75,0,0,0
3826,104,175.25,130,163,149.25,168.75,151.25,0
3826,105,182.75,100.5,163.25,155.75,0,0,0
3826,105,178,139.25,147,139.75,147,121.25,0
3826,109,162.75,133.75,149.25,126.75,0,0,0
3826,110,154.75,116,138.75,130,119.25,115.5,0
3829,103,105.25,0,92.25,104,0,0,0
3829,104,128,0,113.75,90,0,0,0
3829,105,108.25,0,0,89.5,0,106.25,0
3829,105,144,138,124.75,97.75,0,0,0
3829,109,114.25,0,0,91.25,94.25,0,0
3829,110,131.25,118,105.75,99.25,0,114.5,0
3830,104,176.5,146,168.75,153.25,0,102.75,0
3830,105,174,144.5,166.75,151.25,127.5,95.5,157
3830,105,163.75,145.75,149,142.25,138.5,83,0
3830,110,170.25,160.5,160.25,153.25,90.5,106.25,168.25
3831,103,90.5,0,0,0,0,0,0
3831,104,113.25,0,90.5,85.5,0,0,0
3831,105,103.75,0,103.25,0,0,0,0
3831,105,114,89.5,89,101.25,0,0,0
3831,109,89.5,0,0,0,0,0,0
3831,110,89,0,0,0,0,0,0
3833,123,85.25,0,0,0,0,0,0
3833,103,142.25,0,110.25,132,0,91.25,0
3833,104,145,122.25,132.75,107.25,0,138.25,0
3833,105,123.25,106,89,98.5,0,0,0
3833,105,122.75,92.75,92.25,108.5,0,0,0
3833,110,131.75,119.5,98.25,84.5,0,0,0
3841,103,103.75,0,0,0,0,0,0
3841,104,113.75,99.75,100.25,92,0,0,0
3841,105,111.5,94.75,91.25,0,0,0,0
3841,110,121.75,107.25,105.25,87,0,0,0
3843,103,90.5,0,0,0,0,0,0
3843,104,91.75,0,0,91.5,0,0,0
3843,105,93.75,0,0,0,0,0,0
3843,105,116.5,0,95.5,99,0,0,0
3843,110,129,98.75,91,102.75,0,123.5,0
3844,103,108.25,0,0,0,0,0,0
3844,104,100.75,0,0,0,0,0,0
3844,105,84.25,0,0,0,0,0,0
3844,105,94.75,0,90.25,0,0,0,0
3844,110,88,0,0,0,0,0,0
3845,103,99.25,0,0,0,0,0,0
3845,104,119,0,95,103.5,0,0,0
3845,105,84,0,0,0,0,0,0
3845,105,122.75,0,0,81.75,0,0,0
3845,110,114.75,97.5,93,77.75,0,0,0
3846,103,105.25,0,0,0,0,0,0
3846,104,92.5,0,0,0,0,0,0
3846,105,99,0,0,0,0,0,0
3846,110,79.25,0,0,0,0,0,0
3847,103,102.75,0,0,0,0,0,0
3847,104,108,0,0,0,0,0,0
3847,105,177.5,0,0,0,0,0,0
3847,105,100.25,0,0,0,0,0,0
3847,110,96.25,0,87.5,0,0,0,0
3848,103,95.75,0,0,0,0,0,0
3848,104,94.5,0,0,0,0,0,0
3848,105,116,0,0,0,0,0,0
3848,105,91.25,0,0,0,0,0,0
3848,110,108.5,0,0,0,0,0,0
3849,103,136,0,0,0,0,0,0
3849,104,97.25,0,0,0,0,0,0
3849,105,114.5,0,0,0,0,0,0
3849,105,85.5,0,0,0,0,0,0
3849,109,101.25,0,0,0,0,0,0
3849,110,87,0,0,0,0,0,0
3850,103,120,0,0,0,0,0,0
3850,104,96,0,0,0,0,0,0
3850,105,88.25,0,0,0,0,0,0
3850,105,125.5,0,0,0,0,0,0
3850,110,92.25,0,0,0,0,0,0
3852,103,127.75,0,0,0,0,0,0
3852,104,103.25,0,0,0,0,0,0
3852,105,109,0,0,0,0,0,0
3852,105,144,0,0,0,0,0,0
3854,104,85.75,0,0,0,0,0,0
3854,105,143,0,0,0,0,0,0
3854,105,133.5,0,0,0,0,0,0
3854,110,86.5,0,0,0,0,0,0
3855,103,86.5,0,0,0,0,0,0
3855,104,129.75,0,0,0,0,0,0
3855,110,90.5,0,0,0,0,0,0
3857,103,80,0,0,0,0,0,0
3857,104,113.5,101.75,96,93,0,0,0
3857,105,85.25,0,0,0,0,0,0
3857,105,78.25,0,0,0,0,0,0
3857,110,111.25,0,0,80.25,0,0,0
3859,103,95.5,0,0,0,0,0,0
3859,104,125,0,0,0,0,0,0
3859,105,106.75,0,0,0,0,0,0
3859,105,99,0,0,0,0,0,0
3859,110,91.5,0,0,0,0,0,0
3860,104,93,0,91.25,86.75,0,0,0
3860,105,101,0,0,0,0,0,0
3860,105,89.75,0,0,0,0,0,0
3860,110,113,0,101.5,92.5,0,0,0
3905,103,87.5,0,0,0,0,0,0
3905,104,141,139.75,119.25,105.5,0,105.5,0
3905,105,112,0,90.25,110,0,0,0
3905,105,98.75,0,0,0,0,0,0
3905,110,122,107,86.25,89.75,0,0,0
3908,103,132.25,97,94.5,86.75,0,0,0
3908,104,139,119,117.25,94.5,0,114.5,0
3908,105,140.75,118.5,87.75,83.25,0,131.75,0
3908,105,137,131.75,91,110.25,0,115.5,0
3908,110,144.25,132.5,110.5,116.75,0,111.25,0
3918,103,94.25,0,0,0,0,0,0
3918,104,116,0,113.25,92.75,0,0,0
3918,105,126.5,0,104.5,0,0,0,0
3918,105,99,0,0,0,0,0,0
3918,110,116.25,96,91.5,99.5,0,0,0
3920,103,86.5,0,0,0,0,0,0
3920,104,103.75,0,0,0,0,0,0
3920,105,119,0,0,0,0,0,0
3920,105,108.5,0,0,0,0,0,0
3920,110,99.75,0,94.5,83.5,0,0,0
3923,104,91.25,0,0,0,0,0,0
3923,105,135.5,0,0,0,0,0,0
3923,110,106.75,0,0,0,0,0,0
3925,103,82.25,0,0,0,0,0,0
3925,104,138.75,138.5,118.5,90.25,0,0,0
3925,105,110.25,0,108,99.25,0,0,0
3925,105,103,87.75,89.5,91.75,0,0,0
3925,110,85.25,0,0,0,0,0,0
3926,103,95,0,0,88,0,0,0
3926,104,116.5,0,108.75,89.5,0,0,0
3926,105,103.25,0,0,0,0,0,0
3926,105,94.25,0,0,0,0,0,0
3926,110,129.75,97.5,95.75,83.25,0,0,0
4023,103,181.25,172.25,175,150.25,121.25,145,132
4023,104,180,148.5,170.25,147.5,106.25,132.25,0
4023,105,189,166.75,186.75,168,180.25,156.5,0
4023,105,179.5,152.5,174.25,157.5,132,154.5,0
4023,109,170,106.25,165.25,147.5,103.5,130.25,0
4023,110,182.25,180,177.25,167.25,139.5,158,0
4023,103,108.75,0,0,0,0,0,0
4023,110,90.25,0,0,0,0,0,0
4024,103,168,160,163.25,148.5,0,141.5,0
4024,105,183.75,180.25,174.5,171,127,159,160.25
4024,105,178.75,153.5,168.5,159,0,163.75,0
4024,106,181,172.25,170.5,168,159.5,166,0
4024,110,180,172.75,171,164.75,145.75,156.5,0
4024,103,95.5,0,0,0,0,0,0
4024,110,121,0,0,0,0,0,0
4669,103,115.5,0,0,0,0,0,0
4669,104,86,0,0,0,0,0,0
4669,105,100.75,0,0,0,0,0,0
4669,110,134,119.5,109,100,0,0,0
4670,103,123,104.75,112,0,0,0,0
4670,104,151.5,142.25,132.5,0,0,0,0
4670,105,148,85.75,121,90,0,0,0
4670,105,128,0,117.5,0,0,0,0
4670,110,134.25,116.75,121.25,81,0,0,0
4672,103,136.25,0,96.5,132,0,0,0
4672,104,131.75,93.5,87.25,93.75,0,0,0
4672,105,103,0,94.75,0,0,0,0
4672,105,89.25,0,0,0,0,0,0
4672,110,148,0,139.25,141.5,0,0,0
4675,103,86.75,0,0,0,0,0,0
4675,104,86,0,0,0,0,0,0
4675,105,113.25,0,95.75,84.5,0,0,0
4675,105,89.25,0,0,0,0,0,0
4675,110,83.75,0,0,0,0,0,0
4676,103,100.5,0,0,0,0,0,0
4676,104,158.25,0,106,122.5,0,0,0
4676,105,92.75,0,0,0,0,0,0
4676,105,101.75,0,0,0,0,0,0
4676,110,81,0,0,0,0,0,0
4677,103,102.5,0,0,0,0,0,0
4677,104,140.25,0,0,0,0,0,0
4677,105,99.25,0,0,0,0,0,0
4677,105,94.5,0,0,0,0,0,0
4677,110,100.5,0,91.5,0,0,0,0
4678,103,168.75,153.25,161.5,143.5,0,139.5,0
4678,104,181,143,177,158,0,108.25,0
4678,105,182.5,161.25,175,152.25,0,130.75,0
4678,105,173.75,172.75,169.25,154.5,0,100.5,0
4678,110,175.25,147.75,167.25,151.75,0,93.25,0
4680,103,101.5,0,96,0,0,0,0
4680,104,160.5,0,138,122.5,0,0,0
4680,105,152.75,138.5,139.25,117.5,0,115.75,0
4680,105,143,109.25,126.75,116.75,115.25,107,0
4680,110,159.5,147.5,142,120.5,0,154,0
4864,103,104.5,0,99.25,0,0,0,0
4864,104,147.5,0,113.25,0,0,0,0
4864,105,101.5,0,0,0,0,0,0
4864,105,86.25,0,0,0,0,0,0
4864,110,124.5,115.25,96.25,109.25,0,85,0
4917,101,162.5,146,147.5,134,0,131.25,0
4917,102,166.5,166.25,157,116,0,111,0
4917,103,133.75,122.75,105.25,96.25,0,126.25,0
4917,115,154.5,120,141.75,123.25,0,115.75,0
4917,104,159,142.5,142.75,82.5,0,124.75,107.5
4917,105,161.25,137.25,148.25,104.25,0,149,0
4917,105,140.25,133.25,133.75,98.25,0,113.5,0
4917,109,139.5,138.75,137,112,0,0,0
4917,110,156,140.5,146.5,117.5,139.75,78.75,0
4927,123,90.25,0,0,0,0,0,0
4927,103,135.5,0,0,0,0,0,0
4927,104,118.25,0,0,0,0,0,0
4927,105,141,0,0,0,0,0,0
4927,105,103.75,0,0,0,0,0,0
4927,110,95.5,0,0,0,0,0,0
4928,103,132.5,0,95,0,0,0,0
4928,104,106.75,0,103.25,0,0,0,0
4928,105,97,0,0,0,0,0,0
4928,105,107.75,0,0,0,0,0,0
4928,110,143,137.25,133.75,0,0,0,0
4929,103,93.5,0,0,0,0,0,0
4929,104,101.5,95.25,94,96.5,0,0,0
4929,105,149,0,0,0,0,0,0
4929,105,128,0,0,0,0,0,0
4929,110,86.5,0,0,0,0,0,0
4931,103,124.25,0,0,0,0,0,0
4931,104,123,0,0,0,0,0,0
4931,105,99.25,0,0,0,0,0,0
4931,105,131.5,0,0,0,0,0,0
4931,110,90,0,0,0,0,0,0
4932,123,141,0,0,0,0,0,0
4932,104,179.25,0,0,0,0,0,0
4932,109,133.75,0,0,0,0,0,0
4933,103,106.5,0,0,0,0,0,0
4933,104,155.5,122.25,100.25,102.25,0,0,0
4933,105,151.5,95,102.25,106.75,0,0,0
4933,105,104,101,0,81.25,0,0,0
4933,110,133.25,106.75,98.75,92,0,0,0
4934,103,110,0,0,0,0,0,0
4934,104,114,0,104,108,0,0,0
4934,105,117,0,0,0,0,0,0
4934,105,103.75,0,0,0,0,0,0
4934,110,108.5,91.25,97,0,0,0,0
4937,104,126,0,0,0,0,0,0
4938,103,120.5,0,0,0,0,0,0
4941,103,79,0,0,0,0,0,0
4941,104,139.75,0,118.75,114,0,123.5,0
4941,105,110.25,0,0,87,0,0,0
4941,105,104.75,0,0,0,0,0,0
4941,110,119,0,88.5,80.75,0,0,0
4944,103,119.25,0,91.25,0,0,0,0
4944,104,133.25,85.75,85.75,90.75,0,0,0
4944,105,138,106.25,87.5,128,0,0,0
4944,105,118.75,0,89.75,0,0,0,0
4945,103,132.25,0,0,0,0,0,0
4945,104,108,0,0,0,0,0,0
4945,105,107.25,0,0,0,0,0,0
4945,105,128.75,0,0,0,0,0,0
4946,103,92.5,0,0,0,0,0,0
4946,104,143,0,129.75,95.5,0,0,0
4946,105,130.75,115.25,102.75,122.75,0,0,0
4946,105,94,0,88.25,83.75,0,0,0
4946,110,140.5,0,125.5,91.75,0,0,0
4948,103,97.5,0,0,0,0,0,0
4948,104,104.25,0,0,0,0,0,0
4948,105,177.25,0,0,0,0,0,0
4948,105,148.75,0,0,0,0,0,0
4948,138,133,0,124.25,96.25,0,0,0
4949,103,119.75,0,0,0,0,0,0
4949,104,89.5,0,0,0,0,0,0
4949,105,118.25,0,0,0,0,0,0
4949,107,88.75,0,0,0,0,0,0
4949,131,89,0,0,0,0,0,0
4949,110,102.25,0,0,0,0,0,0
4949,135,97.5,0,0,0,0,0,0
4950,105,166,0,0,0,0,0,0
4950,105,107.25,0,0,0,0,0,0
4950,110,101,0,0,0,0,0,0
4952,103,93.75,0,86,0,0,0,0
4952,104,89.5,0,0,0,0,0,0
4952,105,103,0,0,0,0,0,0
4952,105,110.5,0,0,0,0,0,0
4952,109,111.5,0,0,0,0,0,0
4952,110,111.75,0,94.75,0,0,0,0
4953,103,94,0,0,0,0,0,0
4953,104,87.5,0,0,0,0,0,0
4953,105,89.25,0,0,0,0,0,0
4953,105,101.75,0,89.5,95.75,0,0,0
4953,109,116,0,93.75,0,0,0,0
4953,110,119.5,112.25,101.75,101,0,0,0
4954,103,135.75,113.25,102,104,0,0,0
4954,104,150.5,121.5,124.75,95.5,0,105.5,0
4954,105,160.75,133.25,146.5,118.5,0,113,0
4954,105,144,0,118,103.25,0,139.25,0
4954,109,121.75,0,94,0,0,0,0
4954,110,158.75,133.25,144.5,107,0,122,112.25
4955,103,142,131.5,107.5,111.5,0,93.25,0
4955,104,159,141.75,141.75,98.75,0,81.5,0
4955,105,163,122,139.25,85.5,0,134,0
4955,105,148,146.5,125.75,111.25,0,138,0
4955,109,157.75,137.75,136.25,105,0,0,0
4955,110,159.25,154.25,142.25,132,0,99.25,0
4957,104,127.25,129.5,89.25,102.25,0,0,0
4957,105,134.25,0,86.75,91.5,0,0,0
4957,109,127.25,0,97.75,0,0,0,0
4959,129,180.5,150.5,174,116.5,0,0,0
4959,103,144.5,114,127.25,81.25,0,110,0
4959,104,172.5,148.75,168.75,135.25,0,129.75,0
4959,105,176.25,160.25,171.5,149.75,0,136.25,0
4959,105,156.25,136.75,146,113.25,139.75,113.75,0
4959,125,126,0,102.75,111.25,0,0,0
4959,109,163.25,125.75,158.5,94,0,0,0
4959,131,164.25,162.75,157.75,119.5,0,128.25,0
4959,110,171.5,162.25,164.5,150.25,0,117.75,0
4959,147,136,134,96.25,119.25,0,117.75,0
4960,129,190,188.75,189,182.75,0,156.5,0
4960,103,189,184.75,187.5,179.75,94,159.25,0
4960,104,193.5,186.75,192,184.5,148,162,0
4960,105,194,186.25,192.25,186.75,153,170.25,154.75
4960,105,191.5,184.25,190,183.75,143,162.25,0
4960,109,191.5,186,190.25,181.75,0,150.75,0
4960,110,191.5,188.75,189.25,181.25,112,161.75,0
4961,103,105.25,0,0,0,0,0,0
4961,104,88.5,0,0,0,0,0,0
4961,105,98.25,0,0,0,0,0,0
4961,105,98.5,0,0,0,0,0,0
4961,110,102.5,100,0,0,0,0,0
4962,103,177.25,173,164.75,148,0,96,0
4962,104,182.75,160.5,176.75,164,0,105.25,0
4962,105,186.5,173.75,182.75,165.25,0,88,0
4962,105,179,166.25,171.5,152.75,99.25,137,0
4962,125,169.25,159.25,163.75,138.25,0,126,0
4962,109,175,153,170.75,135.25,0,123,0
4962,110,179,170,174,165.25,87.75,152,0
4964,123,107.75,0,0,0,0,0,0
4964,103,88.5,0,0,0,0,0,0
4964,104,110.75,0,0,0,0,0,0
4964,105,97.75,0,0,0,0,0,0
4964,105,101.75,0,0,0,0,0,0
4964,110,110,0,0,0,0,0,0
4964,130,149.75,0,123.5,142.75,0,119.5,0
4964,135,101,0,0,0,0,0,0
4965,129,171.75,0,168.25,152,0,121.25,0
4965,103,129.75,116.75,88.5,80,122,0,0
4965,104,130,0,95.5,89,0,0,0
4965,105,147,126.5,108.75,96.5,0,0,0
4965,105,143.5,0,124,115.5,0,137.25,0
4965,110,158.75,131.5,145.75,133.75,0,145.5,0
4966,103,98.25,0,0,0,0,0,0
4966,104,113.75,0,97.5,0,0,0,0
4966,105,90.25,0,0,0,0,0,0
4966,105,110,0,87.25,0,0,0,0
4966,110,119.5,115,90.5,85.25,0,0,0
4967,103,87.25,0,0,0,0,0,0
4967,104,91,0,0,0,0,0,0
4967,105,108.5,0,0,0,0,0,0
4967,105,97.5,0,0,0,0,0,0
4967,110,90.5,0,0,0,0,0,0
4968,103,92.75,0,0,0,0,0,0
4968,104,134.25,0,92.25,84.75,0,0,0
4968,105,116.5,97,95.75,93.75,0,0,0
4968,105,97.25,0,0,0,0,0,0
4968,110,95,0,90,0,0,0,0
4969,103,87,0,0,0,0,0,0
4969,104,94.75,92.5,85.25,91.75,0,0,0
4969,105,90.75,0,0,0,0,0,0
4969,105,111.25,89.25,87,0,0,0,0
4969,110,128.5,113.5,107,92.75,0,0,0
4970,103,93,0,0,0,0,0,0
4970,104,115.25,0,89.5,0,0,0,0
4970,105,130,0,0,0,0,0,0
4970,105,103.75,0,0,0,0,0,0
4970,110,91.5,0,0,0,0,0,0
4971,103,169.25,157.5,164.75,97.5,0,159.5,0
4971,104,162,128.5,151.25,124.25,0,0,0
4971,105,185.75,176.25,178.75,133,0,139.75,0
4971,105,173.5,172,162,0,0,143,0
4971,109,148.75,107.25,134.25,0,0,0,0
4971,110,175.25,157.5,168,107,0,139,0
4972,104,104.5,0,0,0,0,0,0
4972,105,144.75,0,0,0,0,0,0
4972,110,99.25,0,0,0,0,0,0
4973,123,107.25,0,0,0,0,0,0
4973,103,102.5,0,0,0,0,0,0
4973,104,91,0,0,0,0,0,0
4973,105,147.25,0,0,0,0,0,0
4973,125,114,0,0,0,0,0,0
4973,110,89.5,0,0,0,0,0,0
4974,103,191.5,190.5,189.25,184,165.25,174.75,175
4974,104,192.5,189.25,191,185.75,146.5,174.5,111.75
4974,105,194.25,193,191.75,186.25,153.5,176.5,146.5
4974,105,193.5,193.25,191,187.75,182.25,178.25,146.25
4974,110,191.5,190,189.75,185.25,168.75,175,145.75
4975,104,134.75,135.75,106.75,105.75,0,0,0
4975,105,108.25,0,90.25,150.5,0,0,0
4975,105,88.75,0,0,0,0,0,0
4976,123,121,0,113.25,101.5,0,0,0
4976,103,86,0,0,0,0,0,0
4976,104,87.25,0,0,0,0,0,0
4976,105,132,0,0,0,0,0,0
4976,105,90.25,0,0,0,0,0,0
4976,110,116,0,0,0,0,0,0
4977,103,104,0,0,0,0,0,0
4977,104,102,0,0,0,0,0,0
4977,105,119.5,0,0,0,0,0,0
4977,105,94.25,0,0,0,0,0,0
4977,110,120,0,91.25,0,0,0,0
4978,102,129.75,0,125.25,87.5,0,0,0
4978,129,97.5,0,0,0,0,0,0
4978,103,111.75,0,0,0,0,0,0
4978,104,151.75,0,0,0,0,0,0
4978,105,102.75,0,0,0,0,0,0
4978,105,88.25,0,0,0,0,0,0
4978,110,109.25,0,0,0,0,0,0
4979,103,108.25,0,0,0,0,0,0
4979,104,114.25,0,0,0,0,0,0
4979,105,112.5,0,0,0,0,0,0
4979,105,137,0,0,0,0,0,0
4979,109,121.75,0,0,0,0,0,0
4980,103,88.5,0,0,0,0,0,0
4980,104,113.25,0,88.75,0,0,0,0
4980,105,89.75,0,0,0,0,0,0
4980,105,113,98.5,0,0,0,0,0
4980,110,134.75,103.25,101.25,118.5,0,0,0
4981,124,102.5,0,89.75,0,0,0,0
4981,103,146.25,115.25,123.5,0,0,0,0
4981,104,135.25,93.5,112,123.75,0,123,0
4981,105,163.75,145.75,147.25,155.25,0,149.5,0
4981,105,143.5,0,121.5,137.25,0,0,0
4981,109,95.5,0,91.25,0,0,0,0
4981,110,164,114,152.25,90.25,0,126.5,0
4982,103,101,0,0,0,0,0,0
4982,104,89.75,0,0,0,0,0,0
4982,105,93.5,0,0,0,0,0,0
4982,105,96.25,0,0,0,0,0,0
4982,110,118.5,98.75,87,91.25,0,0,0
4983,123,126,0,0,0,0,0,0
4983,104,87,0,0,0,0,0,0
4983,105,113,0,0,0,0,0,0
4983,105,105.75,0,0,0,0,0,0
4983,110,99.75,0,0,0,0,0,0
4983,111,170.75,0,0,0,0,0,0
4983,141,165,0,0,0,0,0,0
4984,103,99,0,0,0,0,0,0
4984,104,103,0,91.5,81,0,0,0
4984,105,100.5,0,0,0,0,0,0
4984,105,82,0,0,84,0,0,0
4984,109,90.75,0,0,0,0,0,0
4984,110,105,0,85.75,0,0,0,0
4985,103,116.25,0,0,0,0,0,0
4985,104,100,0,0,0,0,0,0
4985,105,107.25,0,0,0,0,0,0
4985,105,119.5,0,0,0,0,0,0
4985,110,102.75,0,0,0,0,0,0
4987,103,111,0,0,0,0,0,0
4987,104,104.25,0,0,0,0,0,0
4987,105,117.75,0,0,0,0,0,0
4987,105,128,0,0,0,0,0,0
4987,110,94.75,0,0,0,0,0,0
4989,124,106.25,0,0,0,0,0,0
4989,103,100,0,0,0,0,0,0
4989,104,107,0,0,0,0,0,0
4989,105,108,0,0,0,0,0,0
4989,109,90.5,0,0,0,0,0,0
4989,110,100,0,0,0,0,0,0
4989,135,102.75,0,0,0,0,0,0
4991,103,101,0,0,0,0,0,0
4991,104,130.5,0,107.75,92.5,0,109.25,0
4991,105,143,113.75,101.5,96,0,130,0
4991,105,148.5,0,95.25,128.25,0,0,0
4991,109,90.25,0,0,0,0,0,0
4992,124,93.75,0,0,0,0,0,0
4992,103,108.5,0,91,0,0,0,0
4992,104,120.75,0,95.5,0,0,0,0
4992,105,102.25,0,0,0,0,0,0
4992,105,94,0,0,0,0,0,0
4992,109,99.75,0,0,0,0,0,0
4992,110,132.25,101.75,124.75,83,0,0,0
4993,103,93,0,90.5,0,0,0,0
4993,104,99.75,0,89.75,0,0,0,0
4993,105,105.75,0,95.25,0,0,0,0
4993,105,104,0,88.25,0,0,0,0
4993,109,102.5,0,89,78.75,0,0,0
4993,110,119.25,98.25,88,83.5,0,0,0
4994,103,100.25,0,0,0,0,0,0
4994,104,128.25,123.75,93.75,112.25,0,0,0
4994,105,95.5,0,0,0,0,0,0
4994,105,103,0,92.5,0,0,0,0
4994,110,90.75,0,0,0,0,0,0
4995,104,106.25,0,0,0,0,0,0
4995,105,94.25,0,0,0,0,0,0
4995,105,124.5,0,0,0,0,0,0
4996,103,82.5,0,0,0,0,0,0
4996,104,160.25,135.25,114.5,101.5,0,148,0
4996,105,146.75,0,124.75,101.5,139.5,104.5,0
4996,105,133.75,0,111.25,94.75,112.5,112.75,0
4996,110,136,127.5,91.75,92.5,0,120,0
4998,103,121.5,0,0,0,0,0,0
4998,104,144,0,0,0,0,0,0
4998,105,120.25,0,0,0,0,0,0
4998,110,120.5,0,0,0,0,0,0
4999,103,94.25,0,0,0,0,0,0
4999,104,108.75,0,88.5,0,0,0,0
4999,105,102,0,0,0,0,0,0
4999,105,94.5,0,0,0,0,0,0
4999,110,97.75,0,91.25,0,0,0,0
5008,103,196.75,195.75,196.25,194.5,187.25,191.5,180
5008,104,197,195,196.75,194.5,173,181,0
5008,103,195.75,192.5,194.75,192.67,176.5,181.5,140
5008,104,198,195.75,197.5,196.25,179.25,189.5,0
5008,105,198.5,196,198.25,196.75,196.75,194.5,177.5
5008,105,197.25,195.25,197,195.75,186,188.75,0
5008,105,197.75,0,197.25,195.75,175,185.5,0
5008,106,196.75,194.5,196.5,194.5,175,184.75,171.5
5008,108,196.5,193,196,193.75,165.25,175.25,151.75
5008,110,197.5,197,197,196.5,188.75,190.25,168
5008,110,196.5,195.5,196.5,195,185,185.5,165.25
5008,131,195.75,194.5,195.25,192.75,171,178.25,0
5009,103,171.5,162,168,166.75,149.75,158,0
5009,104,176,166,171.5,170.5,140,157.25,0
5009,105,183,167.75,175.5,176,158.25,160,124.5
5009,105,176.25,161.25,172,173,149,160.25,0
5009,110,178.5,162.25,174.5,174.25,155.5,164,130.25
5012,116,196.5,196,195.5,194.75,176,192,0
5017,103,155.25,136,144.5,137.75,149.25,132.5,0
5017,104,153,132,144.75,137.75,0,127.75,0
5017,105,166,149.75,151.25,150,131.75,132.5,0
5017,105,156.25,140.75,146.25,146.5,136.25,140,120
5017,110,169,158.25,162,158.25,0,148.75,0
5017,103,103.25,0,0,0,0,0,0
5017,110,111.75,0,0,0,0,0,0
5022,103,169.25,164.25,161.25,158.75,145.5,154.25,0
5022,104,173.5,155.5,167.75,162.75,154.75,150.25,0
5022,105,181.5,168.25,174.75,168,148.75,150.5,0
5022,105,174.25,162,167.5,161,147,153.25,169.25
5022,110,177.25,170,172,169.25,171.75,159.25,112.5
5022,103,100.75,0,0,0,0,0,0
5022,110,87.5,0,0,0,0,0,0
5502,103,92.5,0,0,0,0,0,0
5502,104,122.5,0,112,110.25,0,0,0
5502,105,114,0,0,0,0,0,0
5502,105,102,0,0,0,0,0,0
5502,110,103,92.75,94.75,87.5,0,0,0
5530,124,132.75,126.75,114.5,79.5,0,0,0
5530,103,137.25,111.25,108.75,90.5,127.25,87,0
5530,104,162,155.5,150.5,127.75,0,0,0
5530,105,163.25,153,150,117.75,0,130,0
5530,105,151,149,145,121,124.25,87.75,0
5530,110,158,152.25,149.25,135,0,103,0
5532,103,112,0,0,0,0,0,0
5532,104,99,0,0,0,0,0,0
5532,105,143,0,0,0,0,0,0
5532,105,114.75,0,0,0,0,0,0
5532,110,90.75,0,0,0,0,0,0
5533,103,95.25,0,0,0,0,0,0
5533,104,105.25,0,0,0,0,0,0
5533,105,121.5,0,0,0,0,0,0
5533,105,114,0,0,0,0,0,0
5533,110,86.75,0,0,0,0,0,0
5536,103,87.75,0,0,0,0,0,0
5536,104,101.75,0,97.25,100.5,0,0,0
5536,105,100.25,0,0,0,0,0,0
5536,105,99.75,0,0,0,0,0,0
5536,110,113.5,113,90.75,89.25,0,0,0
5537,104,97.25,0,0,0,0,0,0
5537,105,121.25,0,0,0,0,0,0
5537,110,120.5,0,0,0,0,0,0
5540,105,167.25,0,0,0,0,0,0
5540,110,164.25,0,0,0,0,0,0
5703,103,78.75,0,0,0,0,0,0
5703,104,98,0,96.75,0,0,0,0
5703,105,90.75,0,0,0,0,0,0
5703,105,92.25,0,0,0,0,0,0
5703,109,124.75,0,100.5,0,0,0,0
5703,110,88,0,0,0,0,0,0
5720,103,114.75,0,0,0,0,0,0
5720,104,87.75,0,0,0,0,0,0
5720,105,104,0,0,0,0,0,0
5720,105,107,0,0,0,0,0,0
5720,110,91,0,0,0,0,0,0
5832,103,87.25,0,0,0,0,0,0
5832,104,139,110,119.25,118,0,0,0
5832,105,119.25,0,88.5,91.5,0,83.5,0
5832,105,100.75,0,0,0,0,0,0
5832,110,130.5,96.25,112.25,79.25,0,128.5,0
5842,103,94,0,0,0,0,0,0
5842,104,114.25,0,0,0,0,0,0
5842,105,110,0,0,0,0,0,0
5842,105,128,0,0,0,0,0,0
5842,109,132.75,0,0,0,0,0,0
5842,110,91.25,0,0,0,0,0,0
5851,104,145.25,0,0,0,0,0,0
5851,105,122.25,0,0,0,0,0,0
5862,123,95.5,0,0,0,0,0,0
5862,101,152,142,133,120,0,111.25,0
5862,124,105.5,0,0,0,0,0,0
5862,102,152,151.75,140,94,0,0,0
5862,103,86.25,0,0,0,0,0,0
5862,104,93,0,0,0,0,0,0
5862,110,98.75,0,0,0,0,0,0
5865,103,89,0,0,0,0,0,0
5865,104,144.75,142,116.75,90.25,0,107,0
5865,105,147.25,119.25,100,130.75,0,136.25,0
5865,105,117.5,107.75,89.5,0,0,0,0
5865,110,115.25,0,87.75,81.75,0,0,0
5901,103,193.25,189.5,191.5,189.25,172.75,183.5,0
5901,104,194.75,189,193.75,192.25,162,175.25,141
5901,105,195,189.25,194,192.75,171.25,180.75,172.25
5901,105,193.25,189.5,191.75,190.75,169.25,176,159
5901,110,192.75,189.75,191.75,189.5,167,178.5,104
5902,103,114,0,0,0,0,0,0
5902,104,100.5,0,89.75,0,0,0,0
5902,105,81.75,0,0,0,0,0,0
5902,105,81.5,0,0,0,0,0,0
5902,110,108.25,89.5,106.25,79.25,0,0,0
5903,103,140.5,115,119,83,0,122,0
5903,104,144,110.5,126.25,92.75,0,0,0
5903,105,138.25,115.75,108,118.25,0,0,0
5903,105,91.25,0,89.25,0,0,0,0
5903,109,140,117.5,109.5,0,0,0,0
5904,124,136.75,0,120.75,114.75,0,0,0
5904,104,179.25,166,173.75,153.75,145,103.5,0
5904,105,177.5,167.75,173,153.5,88,115.75,0
5904,105,157.25,132.75,140.75,89.5,0,121.5,104
5904,125,122.5,0,97.5,0,0,0,0
5904,109,164.5,135,156.75,100.25,0,0,0
5904,110,170.25,148.25,166,149.75,0,107,0
5907,123,118.25,0,0,0,0,0,0
5907,103,134.5,131.75,117.75,93.25,0,0,0
5907,115,167.75,164.75,136.75,145.5,159.25,110.25,0
5907,104,91.5,0,0,0,0,0,0
5907,105,128.5,120.25,88.25,0,0,0,0
5907,105,137.5,120.25,105.5,137,0,0,0
5907,109,110.25,0,0,0,0,0,0
5907,110,145.25,145,105,101,0,0,0
5907,130,183.25,0,167.5,174,0,159.75,0
5910,102,188.25,184.5,185.25,180.25,184.75,154.25,0
5910,103,174,165.75,164.75,150.5,128.5,78.75,0
5910,104,183.25,177.25,181,168.25,113,123.25,0
5910,105,186.5,178.75,183.25,173,127.5,130.75,167.5
5910,105,182.25,173.25,180,167,150.5,139,0
5910,109,178.25,168.25,175,153.5,0,88.25,0
5910,110,179,170.25,175,163.5,130.5,141.5,0
5911,103,93.75,0,0,0,0,0,0
5911,104,102.5,0,0,0,0,0,0
5911,105,96.75,0,0,0,0,0,0
5911,105,114,0,0,0,0,0,0
5911,110,90,0,0,0,0,0,0
5912,103,93.75,0,0,0,0,0,0
5912,104,138,0,89.5,88.75,0,0,0
5912,105,111.5,0,100,99.75,0,0,0
5912,105,87.5,0,0,0,0,0,0
5912,110,102.75,0,90.75,0,0,0,0
5913,103,96.25,0,0,0,0,0,0
5913,104,100.25,0,97,0,0,0,0
5913,105,90.25,0,0,0,0,0,0
5913,105,101,0,0,0,0,0,0
5913,110,121.5,105.5,85.75,81.75,0,0,0
5913,134,98,0,0,0,0,0,0
5913,122,134.75,0,114.25,112.5,0,0,0
5914,103,98.5,0,0,0,0,0,0
5914,104,93.25,0,0,0,0,0,0
5914,105,78.5,0,0,0,0,0,0
5914,105,119,0,0,0,0,0,0
5914,110,86.75,0,0,0,0,0,0
5915,124,112,0,0,0,0,0,0
5915,103,99,95,0,89,0,0,0
5915,104,120,0,97.25,110.75,0,0,0
5915,105,88,0,0,0,0,0,0
5915,105,96,0,0,0,0,0,0
5915,110,117,111.5,87.5,85.75,0,0,0
5919,129,110.75,0,0,106,0,0,0
5919,115,124.25,117,103.5,105.25,0,123,0
5919,104,86,0,0,0,0,0,0
5919,105,112.75,0,0,0,0,0,0
5919,105,138.25,0,0,0,0,0,0
5919,110,132.25,95.5,110.5,105.75,0,0,0
5921,103,134.25,87.75,92.25,0,0,0,0
5921,104,158.5,151.25,93.75,97,0,0,0
5921,105,128.75,101.5,94.25,106.25,0,0,0
5921,105,119.5,0,0,0,0,0,0
5921,110,125.75,112.25,90.75,93.25,0,0,0
5922,103,93,0,0,0,0,0,0
5922,104,100.25,0,0,0,0,0,0
5922,105,99.5,0,0,0,0,0,0
5922,105,164.5,0,0,0,0,0,0
5922,110,96.75,0,0,0,0,0,0
5924,103,110.25,0,0,0,0,0,0
5924,105,120,0,0,0,0,0,0
5924,105,80.5,0,0,0,0,0,0
5924,110,81.5,0,0,0,0,0,0
5930,103,82.75,0,0,0,0,0,0
5930,104,125.75,0,93,89.75,0,0,0
5930,105,84.75,0,0,0,0,0,0
5930,105,106.75,0,106.75,87,0,0,0
5930,110,94.5,87.5,90.25,82.5,0,0,0
5935,124,107.25,0,0,0,0,0,0
5935,103,96.75,0,0,0,0,0,0
5935,104,102.5,0,93.75,0,0,0,0
5935,105,87.75,0,0,0,0,0,0
5935,105,135.75,0,0,0,0,0,0
5935,110,86,0,0,0,0,0,0
5942,103,138,0,0,0,0,0,0
5942,104,103.25,0,0,0,0,0,0
5942,105,137.25,0,0,0,0,0,0
5942,109,128,0,0,0,0,0,0
5942,110,148,0,0,0,0,0,0
5986,103,183,179,179.75,169.75,115.25,148.75,0
5986,104,189.25,182.25,187.25,176.5,129,132.5,0
5986,105,192,182.75,189.5,181.25,139.25,137.5,0
5986,105,185.75,175.5,183,167.75,102.25,129.75,119.25
5986,109,185,175.5,183.75,166.75,0,120.5,0
5986,110,184,180.25,179.5,169.5,112.5,138.75,0
5988,103,83,0,0,0,0,0,0
5988,104,143.5,0,97.5,106.25,0,0,0
5988,105,85.75,0,0,0,0,0,0
5988,105,103,0,0,0,0,0,0
5988,110,115.25,0,96.5,85.25,0,0,0
5990,103,92.5,0,0,0,0,0,0
5990,104,88.75,0,0,0,0,0,0
5990,105,114.75,0,0,0,0,0,0
5990,105,117,0,0,0,0,0,0
5990,110,86,0,0,0,0,0,0
